transaction_id,actual_label,predicted_label,prob_non_fraud,prob_fraud,confidence,prediction_correct,prediction_category,confidence_level,fraud_prob_bin,V1,V2,V3,V4,V5,V6,V7,V8,V9,V10,V11,V12,V13,V14,V15,V16,V17,V18,V19,V20,V21,V22,V23,V24,V25,V26,V27,V28,V_mean,V_std,V_sum,Amount,Amount_log,Amount_sqrt,Hour,Day,Time_normalized,V_mean.1,V_std.1,V_sum.1,V_max,V_min
5151,1,1,0.0004144890183277366,0.9995855109816723,0.9995855109816723,1,True Positive (Fraud Caught),Very High,90-100%,-3.2257543220296294,2.156768495598897,-2.522980944246128,1.1593850492451454,-3.1266263607383444,-0.8600903093869965,-3.131949275872388,0.1201022560339858,-3.1907269590213856,-3.4394773920195774,1.007252277525346,-1.429276787814172,1.0459696246612886,-1.001890299869248,-0.2946731030297255,-1.886065691822184,-2.605760848667005,-2.800263054513429,0.6822811629794037,0.2135990850906761,-1.0779126406700292,0.6293271847628615,-0.6247507097805295,1.1117446234638029,-0.1996908354371032,0.1874741381306009,-4.122696140684873,-2.9772427089490305,-3.3845362968330304,3.2996925587900594,-3.356734652620436,-0.7280068015154214,-1.1063271564190542,-0.9264667022678592,-0.229202572640144,-0.7355016610856474,-0.913339233266292,-3.3845362968330304,3.2996925587900594,-3.356734652620436,2.835274137524335,-3.428093255460124
33181,1,1,0.0004186540727902938,0.9995813459272097,0.9995813459272097,1,True Positive (Fraud Caught),Very High,90-100%,0.4096237140313958,0.0543439964901003,-0.0898791398914573,0.3268310701754805,0.2137636730861839,-0.2746451562441795,0.0042450751973134,0.0274251177811902,-0.0984832937799431,-0.7011945103656176,0.484820154038693,-0.427804551993334,0.3428580124982663,-1.3958982154853463,0.3624854799758775,-0.4625703171620773,-0.1886440382490818,-0.3072428267522705,-0.1748844622305416,0.4201085141447618,0.0584755338639043,-0.8611583261583257,-0.2955846374812327,-1.5682007322511595,1.4329927101593458,-0.5876743432253125,0.8560039389721804,1.1079496036006016,-0.2606502403514461,0.171807841520283,-0.2653955701944017,-0.7280068015154214,-1.1063271564190542,-0.9264667022678592,0.4239295149199705,-0.7355016610856474,-0.594153612060936,-0.2606502403514461,0.171807841520283,-0.2653955701944017,-0.2817600407625787,-0.2177169158148627
1300,1,1,0.0004229199671161774,0.9995770800328837,0.9995770800328837,1,True Positive (Fraud Caught),Very High,90-100%,-0.8838588727531476,0.2089774485458201,-0.7795834011506138,0.8594184868233722,-0.7380989778593927,-0.0657969050804245,-0.8185139597433089,0.0194129406776751,-0.9983194812085618,-1.2419423316131195,1.3874383314847687,-1.2189168109961075,-1.5041798001101336,-1.2762999833359645,0.2135257669610939,-1.5687163512605165,-1.5713984178172682,-1.3996005818088193,1.6861058249378296,-0.3403296021115247,-0.2356252862749514,0.5849057354362382,1.0675164101259371,-0.9837009813624832,0.2194025148391768,-0.3356605013591601,1.1458337672838248,0.1323970005252832,-1.2971762535182714,1.1990229479853889,-1.2911087335410312,2.293864263428404,1.5458377487638368,1.9530255537351595,0.4239295149199705,-0.7355016610856474,-0.6195414346367235,-1.2971762535182714,1.1990229479853889,-1.2911087335410312,0.7418916870732104,-1.282926905100955
44565,1,1,0.00042390279578752315,0.9995760972042125,0.9995760972042125,1,True Positive (Fraud Caught),Very High,90-100%,0.5162593875537657,-0.2895079358431758,-0.2207476209082163,-0.0695187344603864,0.1955329717806703,0.4628032013743451,-0.0824281320861489,0.1068787852345249,0.2870193319405919,-0.5241559190636635,0.337646244198007,-0.4646110784952149,-1.1892659477438414,-0.7396212962061534,0.81906269882467,-1.0343613024522855,-0.4658878975169134,-1.2523935664676515,-0.3776176715599071,0.1717293197743496,0.2270938047742415,-0.0080399623535294,0.1801209986449977,-1.0537748523881398,0.0980986655242441,-0.4566533743139742,0.8337903564093255,0.8060498654681365,-0.3826636393330802,0.2606832320712765,-0.383470527163377,0.1696364497754477,0.7990677873247332,0.5327339342560115,0.2606464930299419,1.359616235976865,1.1241190093247515,-0.3826636393330802,0.2606832320712765,-0.383470527163377,-0.1931929562960347,-0.3403385493693243
22296,1,1,0.0004248608005305411,0.9995751391994694,0.9995751391994694,1,True Positive (Fraud Caught),Very High,90-100%,-0.3955571545147962,0.4110143283292827,-0.2565097941930604,0.4562597925570558,-0.3935329902992709,-0.0419221701382424,-0.4648037822333117,0.0457692079785668,-0.4671256054247866,-0.645942606178567,0.5812869361386073,-0.7388486696917372,-0.9337176901636964,-0.7532802841530916,0.92252907560697,-1.4122098091719522,-0.9100883933455411,-1.4761703595016888,0.699678654258851,-0.5783938965622142,1.2698430473005724,-0.0822150411717043,0.5215538334171602,-0.1473885191961712,-0.6048818847448243,-0.6365341619760727,-0.279212159996668,-0.333019676776175,-0.73960192073688,0.6275234825275807,-0.7378513221934273,-0.7280068015154214,-1.1063271564190542,-0.9264667022678592,-0.0659195507501154,-0.7355016610856474,-0.8594221656242784,-0.73960192073688,0.6275234825275807,-0.7378513221934273,0.1723747362504199,-0.70836537827879
226,1,1,0.0004258809615054509,0.9995741190384945,0.9995741190384945,1,True Positive (Fraud Caught),Very High,90-100%,-0.3866754437614257,0.3234565896507579,-0.1442839271577161,0.3744004793009965,-0.2162701354726074,-0.1481109334280122,-0.4366479642640389,-0.0430480374237245,-0.4529845356211346,-0.6399533288471699,0.6038860914278728,-0.7716732074813664,-1.0452570875382594,-0.7951505457534912,0.7624362420262701,-1.4367040185050617,-0.9552854281915596,-1.5109989942285025,0.5268807113737163,-0.4746634844021521,1.2579374728239412,-0.0757266189585774,-0.343745101701329,-0.0780304645946308,-0.9591479361351032,-0.7652896026056398,0.1279460069649512,0.235305184051102,-0.7625868113874825,0.6436542031648907,-0.7598566391925756,-0.7280068015154214,-1.1063271564190542,-0.9264667022678592,-0.229202572640144,-0.7355016610856474,-0.9107534365224615,-0.7625868113874825,0.6436542031648907,-0.7598566391925756,0.1884494998979692,-0.7312180473509313
4351,1,1,0.00042785169335357484,0.9995721483066464,0.9995721483066464,1,True Positive (Fraud Caught),Very High,90-100%,0.5361660391763784,0.1697358963618983,-0.3381878248239999,1.060407792934554,0.4752501250851954,0.1456929216753993,0.0161812810124106,0.0331786903708746,-0.2164678550152943,-0.383191702485518,1.0151848519606583,-1.1892509045867827,0.7396176015537386,-0.8781724106318797,-2.4016286240287923,-0.165722549588804,-0.3475512501538779,0.0521303718031147,-0.7201384021272281,0.2201876439133892,0.0579779457477052,-0.968803633727242,-0.0612884165874157,-1.1483676295894187,0.6357705750332667,0.0419218384306043,0.7298791966893924,0.8785650737800982,-0.1633950872593614,0.1220057068382661,-0.1718323388338496,-0.7513525297674596,-1.545553796635036,-1.2027821302051458,-1.0456176820902874,1.359616235976865,0.5275906596778378,-0.1633950872593614,0.1220057068382661,-0.1718323388338496,-0.2983870134157438,-0.1205508734585697
41527,1,1,0.0004296316461471008,0.9995703683538528,0.9995703683538528,1,True Positive (Fraud Caught),Very High,90-100%,-0.3098761028807648,0.4350834151256204,-0.6632384872413568,1.656231584318167,0.1803474210424812,-0.7310217884340563,-0.0797126606494132,-0.1219942109637625,-0.0745010760229488,0.0924049146814121,0.9342692664822914,-1.2617026291915452,-1.12934502732413,-2.1992431438312208,1.4136974604616843,-0.7071638534123051,-0.4342925447033198,-0.0762261948878837,0.6719533970358799,-0.4030972266852063,0.1896708570392276,0.6658683727724286,0.6032236837544809,-1.0899482318202358,-0.7186392688149428,0.7825305527422141,-2.941718414207192,0.9666238624569238,-0.5462690498909183,0.5173701780376029,-0.5533639618297069,-0.7280068015154214,-1.1063271564190542,-0.9264667022678592,0.9137785805900566,1.359616235976865,1.4422574896999611,-0.5462690498909183,0.5173701780376029,-0.5533639618297069,0.0626035502950096,-0.5167740190382857
48321,1,1,0.00043090898567086456,0.9995690910143291,0.9995690910143291,1,True Positive (Fraud Caught),Very High,90-100%,-0.9653382929131852,0.8962355522816521,-0.7444052271692482,1.7182615671518051,-1.4516781267446843,-0.9450982651075348,-1.536264580429873,1.023800593622538,-2.39844199980587,-1.9515742961018392,1.7351261396810738,-2.3124953017483847,0.90394926497278,-1.9603858451840768,1.161715121692929,-3.0853975386776877,-3.420606985511995,-3.1895784767293662,2.588780086849279,0.4793189592762488,1.199425538622851,0.9153471344945708,0.0897200708970958,1.2942951480510931,0.4834407554624875,0.9629736288209404,1.1000419523909133,0.4071288046557071,-1.9345702896350152,1.953775618805368,-1.9341269325530883,-0.7158670228243615,-0.95987857008667,-0.8621175915625507,-0.229202572640144,-0.7355016610856474,-0.9277855026781034,-1.9345702896350152,1.953775618805368,-1.9341269325530883,1.4940261433432935,-1.9507056110362364
25811,1,1,0.00044712023627756144,0.9995528797637223,0.9995528797637223,1,True Positive (Fraud Caught),Very High,90-100%,0.5327767279213118,0.0261139021417248,-0.2615423118932937,0.4954285599176102,-0.0407755738681921,-0.5458506840760629,-0.1646194135054766,0.0996933099798643,0.3873002742065649,-0.4005726864002912,1.344353825542386,-0.8859125780244629,1.6697438079567124,-0.5708271917429298,0.6057140478132581,-0.4735133771535116,-0.2662918025796303,0.1845138858292486,1.6026252926272282,0.328694209419584,0.2110487152923028,0.0607417896483357,0.8244630718205086,-0.6052076767400284,-3.13962243843689,0.7464561857575082,0.55561683707945,0.1246930830361415,-0.0156051614778978,-0.0100253504255473,-0.0252499029184475,-0.7280068015154214,-1.1063271564190542,-0.9264667022678592,-1.698749769650402,-0.7355016610856474,-1.6454830055276397,-0.0156051614778978,-0.0100253504255473,-0.0252499029184475,-0.3369178053583498,0.0316759678949407
18991,1,1,0.0004484100014482221,0.9995515899985518,0.9995515899985518,1,True Positive (Fraud Caught),Very High,90-100%,-0.1779953263275485,0.2034212973818872,-0.3127532194354108,0.4594125879316911,-0.0660771064002092,-0.588396450559555,-0.4378933178143194,0.4099038359964601,-0.6370143518127606,-0.7058155362417382,0.8385691300789817,-0.6564190724671967,0.0675577200448771,-0.9909766877682592,-0.2670995184226726,-0.998609185632727,-1.0346300524495382,-0.6060814185685967,1.6892918708531166,0.4051461077852866,0.3544593091265368,-0.161132486146737,-0.7366021120295067,-1.322114209859765,0.047075237926746,-0.3913512581146587,1.2468015537919428,0.1258895415766736,-0.5908778969615477,0.5027101564222047,-0.592913358851939,-0.7280068015154214,-1.1063271564190542,-0.9264667022678592,1.7301936900401995,-0.7355016610856474,0.0268222704367357,-0.5908778969615477,0.5027101564222047,-0.592913358851939,0.0479943838582405,-0.5578463327062407
20109,1,1,0.0004511814629379039,0.9995488185370621,0.9995488185370621,1,True Positive (Fraud Caught),Very High,90-100%,0.5653486243090641,-0.3003134849631579,-0.1490565950025764,-0.0967492345787635,0.2484881918058703,-0.7646305827765091,0.230205223268929,-0.1249431079779489,0.7444691745025694,-0.3575539619258178,1.0792427223312795,-0.4947821994908246,1.3333941762777513,-0.222744926560927,-0.7885757929805689,-0.1696326389096849,0.0466694882362105,0.3666948580088104,-0.0339899645819012,0.3333181224195179,0.1165165487959754,-0.1427499547806523,-0.208287859722672,-0.4509603895033057,0.5256860521639889,-1.3691003716097845,0.4716250885535812,0.5790246727092313,0.080827494562553,-0.162935711200628,0.0736693764677085,2.70078030686143,1.6247442299103587,2.157263464418452,-1.3721837258703449,1.359616235976865,0.3630399577977334,0.080827494562553,-0.162935711200628,0.0736693764677085,-0.4487977077037025,0.1344043019950137
8998,1,1,0.00045794604229264994,0.9995420539577072,0.9995420539577072,1,True Positive (Fraud Caught),Very High,90-100%,0.4613593166898182,0.1277489779687248,-0.3528277148861509,0.6545529142548351,-0.1752889462854273,-0.8841122774694224,-0.2875793146803471,0.1317995621255943,0.2968700227742944,-0.6012840366887745,1.7415014736465486,-1.1931954536915783,0.763297154301607,-0.8889971027770736,0.7128535693482092,-0.733318631513511,-0.4400056685348378,-0.0105644724283031,1.5430395264322467,0.3905728128672216,0.2882020945291697,0.0131290370842203,0.92376018226096,0.2428635396571926,-3.251284840544109,0.6770131493586711,0.5838552175387469,0.351673768133141,-0.2186680478021963,0.1964787732747834,-0.2279439835997543,-0.7280068015154214,-1.1063271564190542,-0.9264667022678592,-1.698749769650402,-0.7355016610856474,-1.6275106496469685,-0.2186680478021963,0.1964787732747834,-0.2279439835997543,-0.1693169785789504,-0.1788231923248875
13367,1,1,0.0004582281393345431,0.9995417718606654,0.9995417718606654,1,True Positive (Fraud Caught),Very High,90-100%,-0.2703086974677423,0.6525365740943824,-0.1260286523149604,0.9713551287676734,-0.5909273741209043,-0.1935752512021293,-0.6520963544663437,0.531808997990486,-1.533607839345364,-0.8404965980843807,0.5228897423714932,-1.0511837523432186,1.6718247720162056,-0.8781597934259033,0.9168324655981744,-1.636776263854594,-1.84836013071286,-1.6693463639888055,1.828444135530314,0.597953566361105,0.7641073810601036,0.9087997021268792,-0.1480596038846188,0.1064757270081066,0.020759271947708,0.8873055140091266,0.5998672829902344,1.1890754605356997,-0.7536897082764,0.7229918285521374,-0.7591604182786666,-0.6448960089381655,-0.4584305792480755,-0.6127338409391601,-0.5557686164202014,-0.7355016610856474,-1.0403638270293232,-0.7536897082764,0.7229918285521374,-0.7591604182786666,0.2675119054242283,-0.7304950172692797
39336,1,1,0.0004613657721180184,0.9995386342278819,0.9995386342278819,1,True Positive (Fraud Caught),Very High,90-100%,-3.3957675180397238,3.0289316894129823,-3.165183853786512,1.1740746853914668,-3.431282846743623,-2.235210267353964,-2.3216887123637204,3.22170564203865,-1.0913784180430075,-1.297082828236506,1.2654615783218153,-0.979392465281539,0.4917246624579821,-0.921330295625948,0.0380731527395027,-1.3542707969972647,-1.6663845790047618,-1.6368184187540498,0.6640250334008947,1.5088885368721678,0.799855584108646,-1.7061480362157693,-1.182373944219511,0.3405262924166116,2.365201302061922,-0.5960533156132324,1.5568640265111022,1.0636029134485,-1.9393544208076896,2.086196807515902,-1.9494287177922456,1.5829868381538406,1.378847320061947,1.5602339879996368,-0.8823346602002587,-0.7355016610856474,-1.2332728122074663,-1.9393544208076896,2.086196807515902,-1.9494287177922456,1.6259879668917017,-1.966596617482404
36695,1,1,0.0004613657721180184,0.9995386342278819,0.9995386342278819,1,True Positive (Fraud Caught),Very High,90-100%,-3.74823666830986,3.26493893915618,-3.4181051260078723,1.2011520565166145,-3.734705732677501,-2.304983027929403,-2.471367357067499,3.5133715642698022,-1.057915719696571,-1.2506523211641545,1.1340343970107376,-0.8631958810419902,0.7150023924634014,-0.7586080060717739,0.0120848995972943,-1.244918082093579,-1.5857937046707709,-1.6129047105855776,0.5610378643142083,1.5387720843442374,0.8054633941390031,-1.883371480035633,-1.3660586072394951,0.3656102403283957,2.6226514951735447,-0.5922065269223818,1.48220316475502,1.001640037886087,-1.984157237118298,2.167417098846712,-1.9965365710718503,1.5829868381538406,1.378847320061947,1.5602339879996368,-0.8823346602002587,-0.7355016610856474,-1.227631073857291,-1.984157237118298,2.167417098846712,-1.9965365710718503,1.7069265074494029,-2.0155184385922507
46533,1,1,0.0004663208231961669,0.9995336791768038,0.9995336791768038,1,True Positive (Fraud Caught),Very High,90-100%,0.4113527153175975,0.5435241359720911,-0.4519259342388811,1.218967579252367,0.6633117030703958,-1.029737428202662,0.2271361005706901,-0.0765420102066236,-0.7629438031069471,-0.7169037753576653,1.775600432529672,-1.2875104151169725,0.7246107971796365,-1.5509839544206294,-1.448369127782411,0.1062397588178815,0.2620707063854951,0.7976630458119888,-1.3280046784724455,0.4172573765805185,0.1009964341296533,-0.6573726780801316,-0.8184777410555627,-1.3538291415586663,2.5261387737052514,1.1875091489694294,0.7085128887045857,1.1775474653772935,-0.046641862602107,0.0988950123057662,-0.0593030379575258,-0.7280068015154214,-1.1063271564190542,-0.9264667022678592,-1.698749769650402,-0.7355016610856474,-1.647085772104394,-0.046641862602107,0.0988950123057662,-0.0593030379575258,-0.1549268299065118,-0.0036884408953129
26974,1,1,0.0004728864102042481,0.9995271135897955,0.9995271135897955,1,True Positive (Fraud Caught),Very High,90-100%,-1.9409446395813064,1.6968723719764651,-2.0023800882394425,1.1753279490319757,-2.246874748367468,-1.3293326482317516,-2.514282070286068,-0.1374682743655386,-1.83841158504512,-2.7385709833011176,1.4723085568047518,-2.453714301322122,-0.1180980386771798,-0.6449946575569714,-1.657072190943513,-3.0085952516907244,-2.893429907762428,-3.264195390101526,1.8489938199172005,0.5311160517902144,-0.5409642307812577,1.530349142676385,-0.136132155865697,1.580541717954686,-0.1626906495934772,-0.671722728799109,-2.084438286538776,-1.310400492242994,-2.9114082354323947,2.824930777190362,-2.888812275893807,0.3104111911352379,0.8871197126840769,0.6606576490126382,-1.698749769650402,1.359616235976865,0.2037035898473363,-2.9114082354323947,2.824930777190362,-2.888812275893807,2.3621592904137434,-2.942152733576372
47836,1,1,0.0004787503666389886,0.9995212496333609,0.9995212496333609,1,True Positive (Fraud Caught),Very High,90-100%,-0.7431758639847921,0.4597583866937955,-0.4141552035738419,-0.1733081427634445,-0.2125321951974701,-0.6415555008573598,-0.1386515592074245,-0.0046511023755795,-0.0444887721650944,-0.4548567621524005,0.5198849392856977,-0.6228385602244528,0.0947948723665583,-1.1156033040846312,0.9137040210560828,-0.5740067736815173,-0.6661830117045552,-0.583336894509804,-0.0479544428517184,-1.2257183157837288,0.736780305967755,-0.013355584036529,0.4070502799195142,1.5757765244996844,-0.0062025109479059,0.2856922235153946,-2.273904637084588,3.58477594381266,-0.6505034518448053,0.531916283597251,-0.6489753317160396,0.596396362222706,1.03535324377141,0.8966696918889586,0.9137785805900566,1.359616235976865,1.439564841851014,-0.6505034518448053,0.531916283597251,-0.6489753317160396,0.0770991958474355,-0.6160670669698848
21117,1,1,0.00048590916559840323,0.9995140908344016,0.9995140908344016,1,True Positive (Fraud Caught),Very High,90-100%,-1.744435502426732,1.6962637115910664,-2.0611562092401985,1.4562040877521256,-1.8912401175095497,-1.7440646621446243,-2.257675195107866,0.3349079515072143,-1.2446835799300011,-3.0998434714029792,2.023856528975423,-2.763805148338217,-0.3668150100035302,-2.2650809437989143,-1.7796530985284953,-2.701419357370077,-2.151428418717218,-2.0083911802716656,1.619794054092513,0.36402342467276,-0.0008430404245632,1.5192420283551058,-0.9453848945179534,0.7901951496579686,-2.4372821645126024,-1.283806656436087,-0.5487109072532382,0.637037372104323,-2.724202977995909,2.660332189391599,-2.706599443442471,1.5131831106802465,1.3598029841992685,1.5186092279916292,-1.698749769650402,1.359616235976865,0.198980771001167,-2.724202977995909,2.660332189391599,-2.706599443442471,2.198131690216785,-2.7529234868052805
16681,1,1,0.0004970285827625565,0.9995029714172375,0.9995029714172375,1,True Positive (Fraud Caught),Very High,90-100%,0.3176823068218364,0.7397445672957396,-0.6705765528767906,1.5235756347674805,0.4419756431840287,-0.7458602119036983,0.0128677911927058,0.184808105861678,-1.3721646040276256,-0.5415618576045974,1.3915489055062389,-0.5874175956972599,0.7444928176683995,-1.8879763352142676,0.4780637579567111,-0.00665276150782,0.2118120311786723,0.7466783792374714,0.4413854406141654,0.6478476652421995,0.1839076116422159,-0.5346794117296313,0.0352093390250903,-2.074644931090704,-0.1217806051292953,1.1578236947178102,0.517343055996244,0.1966218527084005,-0.0225575398210037,0.0941310019288317,-0.0357664093979111,-0.7333763190133902,-1.183741132726769,-0.9603163262214752,1.0770616024800852,1.359616235976865,1.5054278630451026,-0.0225575398210037,0.0941310019288317,-0.0357664093979111,-0.0644804360217605,0.020754505487491
21676,1,1,0.000510540765906604,0.9994894592340934,0.9994894592340934,1,True Positive (Fraud Caught),Very High,90-100%,-0.4864709145229938,0.3842778135283735,-0.3491469860258761,0.543967052007539,-0.5839635416303639,-0.7054981618570004,-0.4230714513930904,0.4146543438097378,-0.6633773455192262,-0.7708701218483963,0.6473428382586528,-0.912532076468216,0.3636049549713037,-1.058071235187601,1.5470821119888734,-1.1763095216759836,-1.250673459287513,-1.0522782832313216,1.1830802187490326,0.1308309376967211,0.4829455295039586,0.0696151728904986,-0.3828673098937147,0.3507087251903408,0.4224321368863874,-0.4981497151921116,0.1084439956147152,1.6143908673469267,-0.7666913095434421,0.6806097295969067,-0.7672884141921475,1.5808857226111572,1.3782823558498738,1.5589902264609443,1.4036276462601425,-0.7355016610856474,-0.1844437346004994,-0.7666913095434421,0.6806097295969067,-0.7672884141921475,0.225276828708772,-0.7389359954582184
40190,1,1,0.0005227041102375745,0.9994772958897624,0.9994772958897624,1,True Positive (Fraud Caught),Very High,90-100%,0.051481900752532,0.3276529868430753,-0.0460591985110015,0.9947427969144996,-0.351123401990107,-0.2493581969707057,-0.475737152349916,0.2488666867699416,-1.3385157466804618,-0.7218765807547894,0.6974528805052561,-1.1379461244363942,1.489426193732839,-1.0489071773472514,0.9311325118743018,-1.7341384311762635,-1.9350871253530944,-1.7662218212601406,1.7371903539667433,0.9760295454615896,0.6599366585594046,0.8191158170613331,-0.1446741984244745,0.088787172553733,-0.1752655298879921,0.8343487424785583,1.312837488096192,1.3186285352992753,-0.7077674560440854,0.6813196476706385,-0.7139076264691125,-0.5736915377694488,-0.1813100378079086,-0.4405320783192687,-0.5557686164202014,-0.7355016610856474,-1.0416460402907266,-0.7077674560440854,0.6813196476706385,-0.7139076264691125,0.2259842840978368,-0.6834996899193362
7847,1,1,0.0005229006685145754,0.9994770993314853,0.9994770993314853,1,True Positive (Fraud Caught),Very High,90-100%,0.4567433392763948,-0.3510778369657631,0.337240353238018,-0.1492759816756476,-0.0826524080548138,-0.1730595560906273,0.0337648932598378,0.0035046559967425,0.2966241654305267,-0.1424060171825787,0.1470053144642557,-0.1448183141823338,-0.696671403703874,-0.2767125761403859,1.8871381415245967,-0.1830782722947982,-0.2671885297533304,-0.3627666522599874,-0.5567613735778378,0.1435368490191728,0.2178067024297577,0.3444627317574443,-0.0355968390315878,0.5996877885530615,0.4429083372524087,1.3872347157515557,0.5240428540916832,0.6720264422010529,0.0286325071895241,-0.1501259010766167,0.0242077777594615,-0.2059963177998471,0.4777183465762314,0.1327106773867314,-0.8823346602002587,-0.7355016610856474,-1.214360166601766,0.0286325071895241,-0.1501259010766167,0.0242077777594615,-0.6025770047887532,0.0830381004946048
29686,1,1,0.0005315121921347745,0.9994684878078652,0.9994684878078652,1,True Positive (Fraud Caught),Very High,90-100%,-0.0897167316650305,0.5189858611903077,-0.0863114830246036,0.9527310418392598,-0.3491778062583247,-0.3541591542328998,-0.4538135566078424,0.3212238240749708,-1.576248728009167,-0.777974943414954,0.6751913144974256,-1.0931558179569325,1.4381677781107989,-0.93520135369116,0.644247974931325,-1.7611691761855002,-1.8826991871341912,-2.0180803590290743,2.1285822762324678,0.8370316081730026,0.4574323228678301,-0.6412917880807057,0.1800788443076539,-0.0416576812382183,-0.8948542424663435,-0.3181155101275565,1.1698298515990455,1.6198938293857554,-0.803446900237876,0.7587075145562922,-0.8073928650330096,-0.7280068015154214,-1.1063271564190542,-0.9264667022678592,-0.5557686164202014,-0.7355016610856474,-1.0409408229969548,-0.803446900237876,0.7587075145562922,-0.8073928650330096,0.3031036947767105,-0.7805847362339889
10551,1,1,0.0005355458390744728,0.9994644541609254,0.9994644541609254,1,True Positive (Fraud Caught),Very High,90-100%,-0.6240858590749937,0.6676185882905084,-0.895410481587031,1.2895944071624308,-1.04966781568094,-1.7409445493286442,-1.3548403865850305,0.7127668827480502,-1.9421475156082348,-2.2615337006926315,2.3343705581389265,-2.449058991466316,0.5091584154458294,-2.7651827973942904,1.866520939267288,-3.068577341584235,-3.0520891276590416,-2.8581327360877964,2.918447860745884,1.060280236604339,0.9264183433541407,-0.2290575701424873,0.1119240885371174,0.8138320650944084,-0.2391636381717591,1.245495387817272,1.8405258401364213,0.844482994129434,-1.972099160335743,1.9792050937115755,-1.9701527479532244,-0.627620170031657,-0.3792525343621802,-0.5666562438464164,-0.229202572640144,-0.7355016610856474,-0.9284266093088054,-1.972099160335743,1.9792050937115755,-1.9701527479532244,1.519367404157959,-1.988118661592392
30194,1,1,0.000537036416715488,0.9994629635832846,0.9994629635832846,1,True Positive (Fraud Caught),Very High,90-100%,-0.8482077893053906,1.115099947376983,-1.1118756801580247,0.5489307935859811,-1.0515860550211138,-1.4017524942118254,-0.6675740242347116,1.0493296352418422,-0.4928947811804592,-0.7966060881284907,0.4556496630316782,-0.8206123077047779,-0.7644856093780931,-0.9665557558027534,1.1115512467691928,-0.7566961318288951,-0.7501792972864996,-0.6494523915509457,0.347982379027456,0.66357654826257,0.3732600798989574,-0.7134638162363618,0.2941313648533797,-0.0304223317624801,0.5128323053760655,-0.699267516316497,1.1985151743300286,0.5436234679535148,-0.8336514463695452,0.7713009530325049,-0.8358213255191325,1.5829868381538406,1.378847320061947,1.5602339879996368,-0.229202572640144,-0.7355016610856474,-0.9150274807271396,-0.8336514463695452,0.7713009530325049,-0.8358213255191325,0.3156534469896924,-0.8101078828328295
24206,1,1,0.0005467682759476675,0.9994532317240522,0.9994532317240522,1,True Positive (Fraud Caught),Very High,90-100%,0.0916529882711224,0.7653924209609217,-0.3537702261210864,1.0189694311663764,0.6344878483051553,-1.3528247993760538,0.2229599016672296,-0.0167510894125489,-1.0477377418109968,-1.030760751037031,2.0098950021844044,-1.6282225434422684,-0.3213586695861903,-1.7682833448935231,-2.22349118635335,-0.1313277426475374,-0.0444597965182937,0.5196996797968068,-1.937557720645688,0.405440868618967,0.2240910110293178,-0.4791501877222836,-0.905641812439092,-0.4440855739758749,1.707380539629753,0.6809783838724662,0.877757457769681,1.3705077878649583,-0.3566388157450661,0.3647689642483883,-0.3670354566719433,-0.7280068015154214,-1.1063271564190542,-0.9264667022678592,-1.698749769650402,-0.7355016610856474,-1.6284295691509745,-0.3566388157450661,0.3647689642483883,-0.3670354566719433,-0.0560518553938646,-0.3232706185991115
29779,1,1,0.0005490887137234123,0.9994509112862766,0.9994509112862766,1,True Positive (Fraud Caught),Very High,90-100%,-2.6282135553767243,2.233511945124263,-3.1811602955758014,2.9056407482532727,-1.9890780725984376,-1.0708986613896505,-2.5170864277509923,0.3762038608722532,-2.108020416471685,-2.2279155850084944,2.7698593964375893,-2.313697974669916,0.9740137442197488,-2.048226687035724,-0.4044062743536164,-1.6720412420737647,-1.4064616778422092,-1.566681797006837,0.2103292352167466,0.8582510668571633,-1.2540823900470492,0.9305743081075296,1.724090253716601,-1.913004969485452,0.0724996743555458,1.5123282648611809,2.1640742300860807,-3.915958408018787,-2.367286275986897,2.412194430945652,-2.3652014848446057,-0.7280068015154214,-1.1063271564190542,-0.9264667022678592,-1.208900703980316,-0.7355016610856474,-1.3503816234156447,-2.367286275986897,2.412194430945652,-2.3652014848446057,1.9508547142690784,-2.3983794204760565
35377,1,1,0.000550803772436092,0.9994491962275639,0.9994491962275639,1,True Positive (Fraud Caught),Very High,90-100%,-2.34179078303268,1.8553016475287716,-2.964966934893672,2.9240003021624537,-1.734672996073764,-0.9513370833935866,-2.328654603792334,0.0729548320197681,-2.137719976219209,-2.285422336038888,2.907839601435435,-2.4271701984042173,0.7965952745090257,-2.206899047986757,-0.3243832761845465,-1.7621678252254511,-1.4882911285201188,-1.592112905758641,0.2938692812781655,0.8484037303710779,-1.265435752123784,1.030535275981184,1.5162207215350652,-1.8908608742441848,-0.2901662964620516,1.46032272133109,2.2100898127595765,-3.8800634067734303,-2.356067493285385,2.379576390845891,-2.352011076835951,-0.7280068015154214,-1.1063271564190542,-0.9264667022678592,-1.208900703980316,-0.7355016610856474,-1.3710679973662865,-2.356067493285385,2.379576390845891,-2.352011076835951,1.918349825179549,-2.3846810934235543
39491,1,1,0.000550803772436092,0.9994491962275639,0.9994491962275639,1,True Positive (Fraud Caught),Very High,90-100%,-2.246610774149887,1.728343598657816,-2.892859572721738,2.930319574344213,-1.649304270712314,-0.9125745181009384,-2.2661058859217835,-0.0279618198062121,-2.147702348038215,-2.3046423064581183,2.953748151138901,-2.464965139505241,0.7374758165276883,-2.259715710447883,-0.297882156173338,-1.7923214985138451,-1.5155411878696885,-1.600370458786354,0.3214997832744908,0.8493011901743931,-1.2685805079227122,1.0636604001810437,1.451010531669736,-1.884010010117831,-0.4102514627113079,1.4427617408313218,2.223848816435606,-3.8664589924655663,-2.3521011095840927,2.3693164800991884,-2.347456383088472,-0.7280068015154214,-1.1063271564190542,-0.9264667022678592,-1.208900703980316,-0.7355016610856474,-1.3736110536680697,-2.3521011095840927,2.3693164800991884,-2.347456383088472,1.908125505757841,-2.379951013464237
39408,1,1,0.0005583592034089294,0.999441640796591,0.999441640796591,1,True Positive (Fraud Caught),Very High,90-100%,-0.3574226300352454,-0.2401459029558116,0.1619056212622822,0.0849901910850775,0.0978018345027263,-0.5299606243590567,-0.0834330781782745,-0.2044715732479445,0.4906187189405186,-0.4399118890827825,1.088069733519509,-1.7258568325545929,0.2235369221760499,-0.69234778593224,0.0550429541619425,-1.5849329535415757,-1.5971621836416496,-1.7430704251713216,0.0119340482048114,-0.3920443303273007,0.2029665191729641,0.1312944786484972,-0.5166954200116056,-0.0157199807014051,0.3035467222929454,-1.6120052440332855,-0.9698903098750346,2.112609374253076,-0.892306000832521,0.7849688172801219,-0.8894882010060042,0.6260454371027946,1.0489099137974736,0.9196369441658384,-1.8620327915404309,-0.7355016610856474,-1.658818023446235,-0.892306000832521,0.7849688172801219,-0.8894882010060042,0.3292738978230577,-0.865841292430372
47123,1,1,0.0005584195241700205,0.9994415804758299,0.9994415804758299,1,True Positive (Fraud Caught),Very High,90-100%,-0.2188736190799686,0.6527321297960227,-0.4179347089210273,1.1776147112874278,-0.9839407230707612,-1.0078225467241768,-1.1905984962350191,0.5090355041413116,-1.8552879752156868,-1.8866389409681636,1.9599231712736191,-2.476039848893916,0.2279174581347034,-2.379143655941683,-0.3075682627267357,-3.000903117284624,-3.749757358077783,-3.425038880229732,0.4045258730785313,1.2666840681828635,1.0517051263635002,0.5956524698669787,-0.0743135266801139,1.1023062508026682,0.5430129030354507,-0.0564434204526861,2.12113564028991,2.075976926356983,-1.9597829487255227,1.9632300111050087,-1.9576006285066412,-0.6628722196922349,-0.5528903209651654,-0.6648534011301236,-0.229202572640144,-0.7355016610856474,-0.929452379917928,-1.9597829487255227,1.9632300111050087,-1.9576006285066412,1.5034477386374567,-1.9750832014861883
26878,0,1,0.0005724814252316249,0.9994275185747685,0.9994275185747685,0,False Positive (False Alarm),Very High,90-100%,0.1545558044661554,0.2954171632187938,-0.1922744179083935,0.0296314557891439,0.3687371633477626,-0.9924299334026544,0.2651399073027882,0.0110244224213901,0.1205344278102752,-0.3797508534840663,0.2276186374598653,-0.7081644829700461,1.6464992149745128,-0.0537054749452482,-1.172377800784595,-0.4227085471390914,0.0090759389346812,-0.0587606538491743,-0.258107447946857,-0.2557641758085088,0.287772928095183,0.7660237937587954,-0.2210927081278613,-0.4760609928259821,0.6893027580362309,-0.6940580275296038,-0.1472488988123211,0.3612178917271448,-0.0687347971744312,-0.037578018678951,-0.0735787965856461,-0.7280068015154214,-1.1063271564190542,-0.9264667022678592,-1.8620327915404309,1.359616235976865,0.1598091558652931,-0.0687347971744312,-0.037578018678951,-0.0735787965856461,-0.4904195476451423,-0.0185139118346694
47773,1,1,0.0005779398794391145,0.9994220601205609,0.9994220601205609,1,True Positive (Fraud Caught),Very High,90-100%,-4.431760264456161,3.782541565108691,-3.911617428564772,1.2405683063060482,-4.324054546943826,-2.4633528706764376,-2.784177062923154,4.100904089975765,-0.992413177228632,-1.1542034592973245,0.8688224544781054,-0.6316513521370168,1.1463123307087766,-0.4343620662456392,-0.0582568294683113,-1.0328489646589003,-1.4241451480242746,-1.564123384393044,0.3611045348233331,1.6003943790665769,0.8199002431683968,-2.212462737437093,-1.5945806098985575,0.398952353624537,3.174264260432573,-0.5689210362380562,1.3392050201547063,0.8897507005646945,-2.0606079953913183,2.3262632502740224,-2.0779998169269853,1.5829868381538406,1.378847320061947,1.5602339879996368,-0.8823346602002587,-0.7355016610856474,-1.1963878107210948,-2.0606079953913183,2.3262632502740224,-2.0779998169269853,1.8652216263054608,-2.10011856496816
34493,1,1,0.0005810012551465628,0.9994189987448534,0.9994189987448534,1,True Positive (Fraud Caught),Very High,90-100%,-4.6666881409080165,3.940035314608982,-4.080239128321627,1.2585849453240836,-4.526435824196126,-2.5096768321985388,-2.883916938716067,4.295318889580263,-0.9700902530892164,-1.1232408425407636,0.7812192010269443,-0.5541920672957941,1.2951606407987577,-0.3258935276797882,-0.0755519819216735,-0.9599276218334952,-1.3704225284130631,-1.548219369256825,0.2924843003016414,1.6195843576904452,0.8235266978133339,-2.330577498093187,-1.7177518726703414,0.4157679378298652,3.345756938068672,-0.5663169467861461,1.2897078702004976,0.848154865284049,-2.0899854608094035,2.384524278962494,-2.1090156092806653,1.5829868381538406,1.378847320061947,1.5602339879996368,-0.8823346602002587,-0.7355016610856474,-1.1949560059125277,-2.0899854608094035,2.384524278962494,-2.1090156092806653,1.923280549219549,-2.132328673038693
22516,1,1,0.000648038955795306,0.9993519610442047,0.9993519610442047,1,True Positive (Fraud Caught),Very High,90-100%,-0.5409638170150042,1.717280929684437,-1.4098918315593072,1.913115716628276,-0.3572829173951918,-1.442513081561717,-1.072767562908469,0.8369472182345382,-2.146018451311713,-2.2960687040902403,3.430397470236877,-3.113311081328905,-0.1184427176468073,-3.1362199144462246,-1.433814607615577,-2.2844175920257475,-1.9649089910685849,-1.792847274173848,-0.7114167423822207,1.1826143874431274,0.8420028768290077,-0.3334379915878118,-0.3545504862420313,-2.190667126753559,2.110622751658659,1.3458055046316386,1.607360147213224,2.0043680672425377,-1.7053563679074295,1.759599460744342,-1.7100219023264849,-0.7280068015154214,-1.1063271564190542,-0.9264667022678592,-1.5354667477603734,-0.7355016610856474,-1.5233949328210117,-1.7053563679074295,1.759599460744342,-1.7100219023264849,1.300523576594937,-1.717971036325541
21538,1,1,0.000648038955795306,0.9993519610442047,0.9993519610442047,1,True Positive (Fraud Caught),Very High,90-100%,-0.3148622574382959,1.6939400024700462,-1.7624494542392335,2.4496198867848293,-0.5616987072401948,-1.4859072235669026,-1.2726253913941972,0.9240229645541004,-1.8778680619707315,-1.997768046295081,3.448688327056425,-3.0234031526472283,0.2786329430985804,-3.065072181859311,-0.3612664367571628,-2.4613825928514377,-1.8302787134234424,-1.69970697096734,0.7401371371379524,1.2964002901273184,0.907696455499484,0.2145253251832412,0.675591660202396,-2.185241721732897,-0.9764134048657436,1.4076035104349185,1.6636879407894236,1.7778325086106337,-1.5610433853334884,1.652932222550338,-1.5697827483802895,-0.7280068015154214,-1.1063271564190542,-0.9264667022678592,-1.5354667477603734,-0.7355016610856474,-1.5073672670534688,-1.5610433853334884,1.652932222550338,-1.5697827483802895,1.1942263638752828,-1.5723317357776991
22146,1,1,0.000687265954471553,0.9993127340455286,0.9993127340455286,1,True Positive (Fraud Caught),Very High,90-100%,0.1641175573087613,0.1158599043830814,-0.3708868739093071,0.3547221265873312,0.5943831930190188,-1.3003170710719183,0.2547363687445763,-0.1029454427372726,-0.0234345614779347,-0.6108296314692101,0.4894896005137896,-0.6067238576456815,-1.189217940658294,-1.6567113688806647,0.4202733804151873,-0.1475877054756525,0.2891425702818244,0.5153688924558367,-0.1012696491547606,-0.1752619511837131,-0.0131591241028856,-0.4621453318456915,0.507659645259644,-1.3584587261893295,0.0473897422800101,-1.2156723787541148,-0.0151212452525351,-0.776531143637195,-0.2975179177938758,0.2138837330299,-0.3023833709334386,-0.7280068015154214,-1.1063271564190542,-0.9264667022678592,-0.0659195507501154,1.359616235976865,0.964483458280027,-0.2975179177938758,0.2138837330299,-0.3023833709334386,-0.2398301092682216,-0.2561289945878353
46600,1,1,0.0007962752538068218,0.9992037247461931,0.9992037247461931,1,True Positive (Fraud Caught),Very High,90-100%,0.3949424270595821,0.5770610492252717,-0.4487990967073553,1.5079970777834115,0.4755310603528048,-1.105042217924032,0.1967495952033432,0.0340040649882687,-1.0789047291740408,-0.4510130705015858,0.7090589040065829,-0.8277668885116458,-1.6855020656797022,-1.6676559341307289,1.488877979922334,0.0911953691873675,0.5521958304972372,0.7985191148311289,-0.0422728348739134,0.3444227299263098,0.1235571499306788,-0.545605231573145,0.0565329818346071,-0.6496221878611683,-0.9219113906612798,1.0141225411584118,0.525378623728125,0.5582559319906276,-0.0095553047163497,0.0453018047606864,-0.021573286435556,-0.7333763190133902,-1.183741132726769,-0.9603163262214752,0.5872125368099992,1.359616235976865,1.3157671514625149,-0.0095553047163497,0.0453018047606864,-0.021573286435556,-0.072347836596162,0.0354941587345433
26232,0,1,0.0011521573130150778,0.998847842686985,0.998847842686985,0,False Positive (False Alarm),Very High,90-100%,-0.971782803547408,1.1709917492168576,-1.1663544996411124,0.5640959851368518,-0.9925524671404512,-1.7049836112455443,-0.8372249730087108,1.1704121819033717,-0.4594213572961538,-0.756387354504169,0.4049262556841762,-0.767286377178398,-0.7075395270418428,-0.90512031197769,1.08832215526433,-0.7383736409168569,-0.7178116956170145,-0.6466081749007064,0.3106316626915694,0.7940603635033185,0.4027929791523157,-0.8276695373334332,-0.0882428098162744,-0.0152939705358109,0.4856189569630195,-0.7249845425910003,1.0967467200650178,0.6395638463520622,-0.8589447178682701,0.8006431898130916,-0.8612492764223753,-0.7280068015154214,-1.1063271564190542,-0.9264667022678592,0.0973634711399132,-0.7355016610856474,-0.7381675315375625,-0.8589447178682701,0.8006431898130916,-0.8612492764223753,0.3448938964242575,-0.836514980135584
10542,1,1,0.001255763420824517,0.9987442365791754,0.9987442365791754,1,True Positive (Fraud Caught),Very High,90-100%,0.6125679557087067,0.2665712292904498,-0.3860494394374517,0.9663475298465372,0.7563135266357176,-0.5982900502292753,0.3598825587021484,-0.0852751562348769,-0.7710093798268453,-0.2369346281691134,1.029165800021378,-0.2196542436632073,-0.3961613655736986,-1.4497752561391923,-0.5757006831733515,0.7427240542956439,0.5807382582925211,1.1037900318071177,-1.7197570125169488,0.1494252567454007,-0.0226705236164198,-0.9159424502816292,-0.0559772082799528,0.1402329947309802,0.5291598661571867,0.0648083099724136,0.4382673385545874,0.7266829708412056,0.2146959482542508,-0.1588149090563981,0.2034051150364163,-0.7513525297674596,-1.545553796635036,-1.2027821302051458,0.7504955587000279,1.359616235976865,1.378104086187744,0.2146959482542508,-0.1588149090563981,0.2034051150364163,-0.3458888307280777,0.2691357353324785
44218,1,1,0.001264948965190697,0.9987350510348094,0.9987350510348094,1,True Positive (Fraud Caught),Very High,90-100%,0.3000738691167573,0.4210082190199152,-0.2932514138807476,0.9939288579755604,0.736847226392112,-0.919287012772318,0.3615165796018161,0.0168760017807684,-1.0266221609848898,-0.3128315331929674,0.9180994094545392,-0.2958904947566912,-0.8772361592072102,-1.361937660086767,-0.4905822901729918,0.6705162840492529,0.6625723713172837,1.2359685221778605,-1.1296392551505512,0.1689621535618359,0.0752621038149633,-0.5471133626750773,-0.0508091910141915,-1.1795613986561744,-1.1674792519014632,0.089175805925209,0.4417252671601613,0.6360408105360098,0.1500350239946254,-0.1222312505341478,0.1388790440769172,-0.7513525297674596,-1.545553796635036,-1.2027821302051458,0.9137785805900566,1.359616235976865,1.4802323724585258,0.1500350239946254,-0.1222312505341478,0.1388790440769172,-0.331959854059254,0.2021249785131144
37212,1,1,0.0012671691807332709,0.9987328308192667,0.9987328308192667,1,True Positive (Fraud Caught),Very High,90-100%,0.612401176303603,0.2397810739329116,-0.3902601236701912,0.9702792308944698,0.7294334456271793,-0.6175793249269542,0.3446192695204673,-0.0680407445405344,-0.6850837591720904,-0.2283726352687524,0.946593748669664,-0.3749880990434259,-1.661561689750223,-1.3933278626504648,-0.4183425568109649,0.7608816023049645,0.5935540944062848,1.172853946879695,-1.712516957817091,0.0600374854697919,-0.0302283187215008,-1.0281203876366631,-0.0356613138920602,0.072342475795224,0.4563819824388653,0.0750578039832321,0.4290849132574404,0.7192332216768567,0.1615648659061241,-0.1272569655792559,0.1503155763517022,-0.7513525297674596,-1.545553796635036,-1.2027821302051458,-0.229202572640144,1.359616235976865,0.9565764765013725,0.1615648659061241,-0.1272569655792559,0.1503155763517022,-0.3439032638290053,0.2140018938703728
14105,1,1,0.0013989854215006492,0.9986010145784995,0.9986010145784995,1,True Positive (Fraud Caught),Very High,90-100%,0.6113400478141475,0.0787171052093332,-0.2616400819571204,0.9024571154175752,0.6220287330423191,-0.2669280702977641,0.316006801189901,-0.0509284522331923,-0.5550446998514849,-0.0323972176044123,0.6160083343586409,-0.2901436144907062,-1.9210631251008816,-0.9092627083069686,-1.2533178685213318,0.4401181474353097,0.3377930810098906,0.6769349197874935,-1.3546178624394425,-0.0428251880719449,0.0466716533787819,-0.5056890916180747,-0.0717526247898994,0.3607012064928893,0.64101972357997,0.3161414894781679,0.4018440869584743,0.5726465572069431,0.137996396173595,-0.1706378682011491,0.1286381614381294,-0.6376588331800335,-0.4240498414948717,-0.5930071302767067,-0.229202572640144,1.359616235976865,0.9533923135688872,0.137996396173595,-0.1706378682011491,0.1286381614381294,-0.3781544304040422,0.1914897533100458
47858,0,1,0.005511379897335991,0.9944886201026639,0.9944886201026639,0,False Positive (False Alarm),Very High,90-100%,-0.2974955097959191,0.0225872049514377,0.0841545910109879,0.1242536121241392,-0.151731248798848,-0.0382865700091512,-0.2176049284749661,0.0455865279432977,0.8492563891345455,-0.2375960447589705,0.7787663534331742,-0.7315465888682872,0.142767049863031,-0.1276507925416611,0.8890578328850273,-0.2781249373511724,0.1523219276119776,0.7230082819281392,2.275882648217995,-0.8923486918517773,0.6150636079113926,0.4296797001656991,0.2819000051449264,-0.317122120376279,-1.0438859712539992,1.0761825792791575,-0.8103453608819333,1.5399501478208475,0.0732322776226544,-0.129800381663493,0.0648467969267924,-0.7158670228243615,-0.95987857008667,-0.8621175915625507,-1.3721837258703449,1.359616235976865,0.4027458284591925,0.0732322776226544,-0.129800381663493,0.0648467969267924,-0.5756021546024691,0.1252419940573909
47114,1,1,0.01044510651004831,0.9895548934899517,0.9895548934899517,1,True Positive (Fraud Caught),Very High,90-100%,0.2293711337832509,-0.2009942522144831,-0.1317387939530991,-0.1755905892890817,0.5017099367432339,-1.1672878944765168,0.2516827600729642,-0.0402581934524245,0.3020522765458303,-0.3422533202511272,0.8628766157745371,-0.4966892279375378,1.263562462427099,0.1057482131992861,-1.38040543572453,-0.4550365744676888,0.0178162300117023,0.2357754326348143,0.5880630996454631,0.263513522467289,0.3034258647858332,0.8466430567191225,-0.3466147206407066,-0.2089291915820549,0.5660562532732748,-0.5899989411196344,0.3386374767377584,-0.191861893604722,0.0543575802074545,-0.1474519143783689,0.0479142914612777,-0.2368126790925375,0.4424162009000602,0.0944297855527597,-1.3721837258703449,1.359616235976865,0.3784478871555979,0.0543575802074545,-0.1474519143783689,0.0479142914612777,-0.5401066667748607,0.1076574737352975
6883,1,1,0.010518861257049393,0.9894811387429505,0.9894811387429505,1,True Positive (Fraud Caught),Very High,90-100%,0.1930521210531342,-0.0712892343719637,0.4313469627812832,0.1212153259425938,-0.0830119923525048,0.4991463428512581,0.2870060895156275,-0.2755636236511787,0.0845476851692439,-0.0932843636408608,0.1420874169441102,0.0797861990175049,0.7831914302561693,-0.3995080894156532,0.1084645910761948,-0.645382261835996,-0.1728761069042688,-0.6271050769720231,0.521391597799806,0.0791022671510757,0.5215732029636723,0.2366050179275564,0.0722270053292798,1.048906848820339,-0.441761541034467,-0.6589743775057906,0.5209460089558374,0.0609279308902519,0.0635906485180977,-0.1730404934109776,0.0581040745708383,3.2388993430709108,1.7159647220868897,2.409665636919947,0.4239295149199705,-0.7355016610856474,-0.6092837285454964,0.0635906485180977,-0.1730404934109776,0.0581040745708383,-0.6254121070843579,0.1182396317350526
31574,1,1,0.010542135672263343,0.9894578643277366,0.9894578643277366,1,True Positive (Fraud Caught),Very High,90-100%,0.1209944572147457,0.2602907111582823,0.1643603864521058,0.3124138788034206,0.2541710128581386,-0.2421853855547306,0.1751395556514208,0.0855422874537693,-0.6197382388349154,-0.2956192999483099,-0.2056532595123627,-0.5523574316429561,-1.1472573232647436,-0.5973169848537909,0.5656499167957058,0.0043252158176155,-0.2832252061405381,0.0170642950777464,-0.3502726734376893,0.1001275340599332,0.1247249319042772,-0.7325262377422568,-0.3646531785789974,-1.2032464739034434,0.5294181796395572,0.0544791474125743,0.3411530504853555,0.6532005444369812,-0.1709681400795155,0.0470906489997739,-0.1735738878207149,-0.5968038087389667,-0.2587115401720672,-0.4918402000582328,0.7504955587000279,-0.7355016610856474,-0.4818958410250675,-0.1709681400795155,0.0470906489997739,-0.1735738878207149,-0.4060445930544358,-0.1223594837444973
12305,1,1,0.01067663777902308,0.9893233622209769,0.9893233622209769,1,True Positive (Fraud Caught),Very High,90-100%,0.1925073962291521,0.0100750210905895,0.2994411948712251,-0.2819763976329633,0.0828796454270404,-0.5173097489880102,0.1969728950973586,0.0515819787118191,-0.2575229725953335,-0.2485622269011694,0.1655111195703578,-0.048333297828101,-0.0950114099902933,-0.1633753260473352,0.8943884314650831,-0.3550854187792844,-0.2063038778566363,-0.6052670370255911,-0.3191338760006746,0.0124164214904811,0.1963888041942257,0.1194851920907062,0.0295333008783794,0.9852720645874732,-0.4705857714526023,0.6317333785085292,0.417712439654105,0.5241870751157386,-0.0383130409964495,-0.098248651882234,-0.0409733221585976,-0.7336097762959105,-1.1873313411730195,-0.9618959248211802,0.0973634711399132,-0.7355016610856474,-0.782724442371331,-0.0383130409964495,-0.098248651882234,-0.0409733221585976,-0.5508797162277018,0.0153470917150794
39059,1,1,0.010706378549167223,0.9892936214508328,0.9892936214508328,1,True Positive (Fraud Caught),Very High,90-100%,-0.0432310233025072,1.358312082835388,-1.5572631744258063,2.453677683481706,-0.322415072782199,-1.3651982460487937,-1.081101906866247,0.6294233800842023,-1.8531422683399776,-2.0103915807107238,3.5934174452398726,-3.135034123704996,0.099030387006149,-3.232375646547738,-0.27018938543514,-2.5523061452226763,-1.9128790103439732,-1.7318629560175487,0.7999050688834359,1.3776450818332064,0.8628788858354791,0.2956058145590325,0.4192572523817278,-2.161724783327262,-1.2454038800985487,1.400197419275988,1.9931197696965888,1.9539202426616675,-1.529955167499231,1.622297399935105,-1.538951349822458,-0.7280068015154214,-1.1063271564190542,-0.9264667022678592,-1.5354667477603734,-0.7355016610856474,-1.5389097132839926,-1.529955167499231,1.622297399935105,-1.538951349822458,1.1636978125478576,-1.540313121899031
33264,1,1,0.011847265270718015,0.9881527347292821,0.9881527347292821,1,True Positive (Fraud Caught),Very High,90-100%,0.6258477670574003,0.1464304126746257,-0.2777929446989647,0.9080863029699936,0.6903188399133255,-0.3664827500959898,0.362975098435485,-0.118300085869647,-0.5934780739769739,-0.0837815171100034,0.0137520001619139,-0.1804526661062569,0.603276820036846,-1.0638823999369362,-0.807714996966268,0.3939091263964159,0.3260984923902002,0.4187835200219026,-1.442325627046544,0.1247948195234376,0.0199374932513481,-0.4995651389141178,-0.1523725491616226,0.0499770919242894,0.9276579452841516,0.3749806424223679,0.4200193895152627,0.6046176218058945,0.1491174543682296,-0.1784293990904082,0.1396632766753985,-0.7142328218467189,-0.9425166594917396,-0.8543616328335019,0.7504955587000279,1.359616235976865,1.355814945660348,0.1491174543682296,-0.1784293990904082,0.1396632766753985,-0.3753116078352638,0.2029394093186043
14452,1,1,0.012048861099376298,0.9879511389006238,0.9879511389006238,1,True Positive (Fraud Caught),Very High,90-100%,-0.1651139605758095,0.6194392387768188,-0.7355947800612939,0.6332504700538,-0.744763376499884,-2.099164638614194,-1.0669598740153632,0.3106499560393828,-0.6647678154183171,-2.3859184784994416,2.7589013581577366,-3.317752990947953,-0.6586009605768144,-2.560520823023709,0.445974880583128,-3.343136421498965,-3.087603655600637,-2.6593585993442077,1.6223695850136055,1.3797915102605411,0.970643989879597,0.571189448143726,-0.3768962468228146,0.9299925781759372,0.8505070448334663,-1.0080599378118091,2.1881785706228745,2.645679693018718,-1.9886157382860483,1.9928842519607088,-1.9862357168296056,-0.7280068015154214,-1.1063271564190542,-0.9264667022678592,-1.698749769650402,1.359616235976865,0.1951768716590037,-1.9886157382860483,1.9928842519607088,-1.9862357168296056,1.5329991098142854,-2.0048209324773656
27541,0,1,0.01802827649492797,0.981971723505072,0.981971723505072,0,False Positive (False Alarm),Very High,90-100%,0.4941457877372053,-0.3611392834010274,0.4303681116206344,-0.1118523438830467,0.0108709777613461,-0.0924842546040334,0.1751891985145291,-0.0400831875079589,0.1107173131704639,0.1896447855455289,0.3668796552290256,0.2293151263315618,-0.579598776308388,0.2896874365923458,0.3826683598723706,-0.06359618915851,-0.3638940835027241,-0.1579171264516156,0.0608610289888243,-0.0314388245279978,0.1057247755263649,-0.1189531909088841,0.031558829064755,0.9944639486408868,0.7628718270457115,-1.106935010832299,0.4120912746737082,0.4442991315306901,0.2032985036136152,-0.322385369414405,0.1976816503345622,-0.7046610732633832,-0.8493960425749618,-0.8120131045233094,-2.0253158134304594,-0.7355016610856474,-1.8008658825887096,0.2032985036136152,-0.322385369414405,0.1976816503345622,-0.7494230282447744,0.2631918789098413
37570,0,1,0.020426689653944913,0.9795733103460552,0.9795733103460552,0,False Positive (False Alarm),Very High,90-100%,0.5547388755777275,-0.5889583606177295,0.0751464964825952,-0.50486879101733,-0.3709398455909964,-0.1993234462258022,-0.2920306718629374,0.0613455657917017,-0.1736040206245073,-0.0755451392971212,0.6568525854081378,-0.4716912791971278,-0.508624755216045,-0.4070578355662514,-0.5082027993583041,-0.4590839226373558,-0.9426326652751814,-1.2371102659466102,1.1490843676540732,0.4041525475236904,0.4756764396267346,1.1717084689495796,0.1458837958938718,0.0580832783260423,-0.1717538820869496,-0.1707571669393447,0.8042225274756994,0.700928332036024,-0.3570117549219786,0.2392377228909038,-0.3584700016774939,-0.2846714220092159,0.3833672082020985,0.0326290613283271,-0.71905163831023,1.359616235976865,0.6750024442971837,-0.3570117549219786,0.2392377228909038,-0.3584700016774939,-0.2145640716433853,-0.3143753362249448
49358,1,1,0.020466842582841493,0.9795331574171585,0.9795331574171585,1,True Positive (Fraud Caught),Very High,90-100%,-0.1519539947778256,-0.7267699660697727,0.3678118905850452,0.4296748334759115,0.5210114476387946,-0.2883779316511977,-0.3702593446291645,-0.0019146320649804,-0.0879178515854242,-0.0949601252458926,1.1416682933719482,-0.4767589687506272,-0.5892757357736257,-0.5757643647161502,1.1310551946478578,-1.4466124113933148,-1.0691366799624458,-1.4130576631659724,1.8880750143300964,-0.1882307827180843,0.1164791381807388,0.1053692348534182,-1.1612111986260878,-0.3995832125861928,-0.8824848824944532,-0.7358348709051787,0.8469725694827822,-1.2872451775314069,-0.4402833144003675,0.3479862304229149,-0.4432879328828942,-0.6133792757979138,-0.3206887413439356,-0.5310457422652485,0.5872125368099992,-0.7355016610856474,-0.5293163614759703,-0.4402833144003675,0.3479862304229149,-0.4432879328828942,-0.1061928094471084,-0.4024593258032676
4401,1,1,0.02085674895145421,0.9791432510485458,0.9791432510485458,1,True Positive (Fraud Caught),Very High,90-100%,0.1588324344850244,0.5462141533654501,-0.9537120592944456,1.31717029107213,-0.7354384273460494,-0.7570083956042168,-1.2166388077342998,0.5000575816458739,-0.8106763706066525,-1.9138730234572237,3.29152188237285,-2.8540272952784025,0.5737773465657935,-2.40834555664477,1.062650966902977,-3.0247514612719875,-2.6232198955218107,-2.512482869044713,2.353719182826456,1.294324972683494,0.8518018951897735,0.3728392345092237,0.8306229851299256,-1.3717119795671808,-2.980663780877157,1.097236216395485,2.039300244413349,1.747018694281165,-1.5664316338296345,1.6127448320188245,-1.5715878348295222,-0.7280068015154214,-1.1063271564190542,-0.9264667022678592,-1.5354667477603734,-0.7355016610856474,-1.570238457304283,-1.5664316338296345,1.6127448320188245,-1.5715878348295222,1.1541783822053473,-1.5742063301438023
7691,1,1,0.021197188147982868,0.9788028118520172,0.9788028118520172,1,True Positive (Fraud Caught),Very High,90-100%,-0.2211856247969424,-0.8843777885206856,-0.1717996854734746,0.2992553189979228,0.2319257184748595,-0.1984646213923477,-0.199631273133869,0.2047398685753276,-0.1718164300008365,-0.2066227470089938,0.2875446504633821,-0.0695538199793737,1.541109099541696,-0.215696667027973,-0.5044195424242292,-0.662630356845892,-1.023602384124895,-0.5834039732187937,1.3873942167774012,-0.5507743403183056,0.3100322272798602,0.8805941562384557,1.3854421436933666,0.2706394203450503,-2.322117276058889,-1.9177162868007007,1.0501663978848177,0.1262807812015844,-0.3368545812438639,0.2261354809634493,-0.3391505093611052,2.629108921127673,1.6115400517849374,2.122200762337433,0.4239295149199705,1.359616235976865,1.2444119834654148,-0.3368545812438639,0.2261354809634493,-0.3391505093611052,-0.227620862283581,-0.2943119140726852
48620,1,1,0.030436523703684392,0.9695634762963153,0.9695634762963153,1,True Positive (Fraud Caught),Very High,90-100%,-1.823069216173745,1.4973212028801912,-2.6071754396128712,1.5642893308371373,-2.3059687906331328,-2.6570825330080545,-1.892161266611384,1.7840969431786422,-1.2824233105707998,-2.836564469650414,2.092291759884624,-2.769937681062071,0.5332730984491847,-2.0957160028386017,-0.8096255020250182,-2.4673888561582893,-2.187566981041668,-2.0658442601340568,1.0485055001919583,-1.678777664208635,1.4047554765811483,0.5899968378084118,-0.943754917957764,0.9025422439780872,-0.2836786119251998,-0.0993601460085983,-2.658486770187254,-2.0479907419172974,-2.62456832285664,2.598400397884946,-2.612503469571589,1.677303580292075,1.4037027264142727,1.6154997827611095,-1.698749769650402,1.359616235976865,0.1981045919392082,-2.62456832285664,2.598400397884946,-2.612503469571589,2.1364147382514727,-2.65520418778426
5915,1,1,0.030523327716292164,0.9694766722837076,0.9694766722837076,1,True Positive (Fraud Caught),Very High,90-100%,0.2246151251295798,-0.2565725255829921,0.5351226555330549,0.0571893648209252,0.0893662024401003,0.5466860326002193,0.143495491563634,0.0151865078149843,0.1037346796731835,-0.0892043023630598,0.5683702547800096,0.1613810611922811,0.2165941420416413,-0.3433928405796364,-0.6886553860781751,-0.5907912713933658,-0.2432037570350063,-0.3186497678112828,0.9562504886857602,0.4782734141783993,0.1906338158573112,0.5993901578774149,-0.129387285328507,0.3351705398555864,-0.0603820314849736,-0.4886447001673689,0.4594174908720229,0.0465497465705232,0.1376323696932715,-0.2305938220356629,0.1308518148376172,0.1696364497754477,0.7990677873247332,0.5327339342560115,-0.229202572640144,-0.7355016610856474,-0.9194938569210284,0.1376323696932715,-0.2305938220356629,0.1308518148376172,-0.6643917024035477,0.1937886471901418
28506,1,1,0.032733243009142536,0.9672667569908573,0.9672667569908573,1,True Positive (Fraud Caught),Very High,90-100%,-0.0014842442906961,-0.1965746395275757,0.1534505336725283,-0.2012247808287214,0.4508626380891062,-0.8284592776086848,0.3993696061383895,-0.2738108127514253,0.5548825158956502,0.2569583120769097,0.0809283878534803,0.0165469066057207,0.2556194220114088,-0.5327235190311872,0.2431915251480322,-0.1140207413739414,-0.1525583390736488,-0.2985399141675817,-0.6717726532655094,-0.3087147745740412,-0.1295062892636115,-0.6766528173918575,0.3810998882630955,0.2028821865415037,-0.6931573217733189,-2.769003609364894,-0.8721772951013428,1.8055701892527627,-0.1017550158858172,-0.0518925372890278,-0.1021306678719756,-0.6369584613324725,-0.4208195706303896,-0.5911318567569827,1.240344624370114,1.359616235976865,1.6118515637415858,-0.1017550158858172,-0.0518925372890278,-0.1021306678719756,-0.5046844096162318,-0.0481652213760005
16516,1,1,0.04047999767634359,0.9595200023236563,0.9595200023236563,1,True Positive (Fraud Caught),Very High,90-100%,-0.2639319712713658,0.1198987189364711,-0.2513765128277373,0.3218533984529614,0.2020087300565296,-0.6528532105701352,-0.048174688968258,-0.3752639180046628,0.0916371283159769,-0.2472063106250349,0.8516113283820095,-0.7637358863672978,0.0507501323849791,-1.3829896855543242,2.7707555191986706,-1.094671443011119,-0.5331768160028504,-0.3268195918656097,2.2113234341757946,-0.3995244902076231,0.7505878850132143,0.7675975273210761,0.1357732644156471,1.5611729136983117,-1.5294914718215105,-0.0916924074198897,-1.2259127575089923,4.560411251275867,-0.3357655430018031,0.2781565833679196,-0.3422501116139061,-0.7238045704300545,-1.0517189273977183,-0.902626746203666,-2.0253158134304594,1.359616235976865,0.0868298510704154,-0.3357655430018031,0.2781565833679196,-0.3422501116139061,-0.1757802195349461,-0.2975308717701028
28025,1,1,0.040483899459311336,0.9595161005406885,0.9595161005406885,1,True Positive (Fraud Caught),Very High,90-100%,-0.3014770355805063,-0.3518265025524388,-0.2222617928045847,0.7885319136324552,0.3202266865434391,-1.227422941458716,-0.7921136450077861,0.2283497933914013,-0.699080088860904,-0.9611377785719316,1.5995512913243608,-1.3898952625581351,-1.7129300300041144,-1.552222864279032,0.308715896304058,-1.90104136334966,-1.7519946604927823,-1.5630687042705893,1.9142058444770729,-0.1464147908476157,0.4325332833501344,0.1191148397757649,-1.268305619814996,-0.8197942308076702,-0.6123257932073966,-0.3236598475962233,1.956093450928064,1.216666054569656,-1.106426298842644,1.031445344847246,-1.1048146833954768,-0.7280068015154214,-1.1063271564190542,-0.9264667022678592,-0.229202572640144,-0.7355016610856474,-0.8895114368252118,-1.106426298842644,1.031445344847246,-1.1048146833954768,0.5748954056524141,-1.0894592864227035
43819,0,1,0.04262861369377696,0.9573713863062231,0.9573713863062231,0,False Positive (False Alarm),Very High,90-100%,-1.086732973681879,1.3988540607201687,-1.4809229274494526,1.085034501148753,-1.4245770795529829,-1.7067816990700793,-1.314772797828127,1.2517013982446237,-0.7551626686094082,-1.6963321817239707,2.4962793471345988,-2.311515068935912,0.6176109667071529,-1.692489452631082,-0.5621983301086744,-2.0795871870300258,-2.078899726786491,-1.6799474092086966,1.1700350017687022,1.28061475623339,0.6837499519722596,-0.7721545470263081,-0.2175332961252639,0.0880627578665247,0.5377043998959207,-0.7473861374352868,1.9903120524284583,1.481502061101126,-1.582447652457068,1.588573215454845,-1.584031022035295,1.3495295556334586,1.312773340492237,1.4184305495096776,-1.0456176820902874,-0.7355016610856474,-1.3232200724949157,-1.582447652457068,1.588573215454845,-1.584031022035295,1.1300906162597613,-1.5871286633884107
47692,1,1,0.05077199496380083,0.9492280050361992,0.9492280050361992,1,True Positive (Fraud Caught),Very High,90-100%,0.1811029815921155,-0.0735488320445466,-0.1346797000072894,-0.3396929782631915,0.3528879119302675,0.2115818018556653,0.0631299308746167,0.1506345093329066,-0.4924088872944493,-0.3730322542246009,0.0513743704298758,-0.5000629007172126,-1.1601328855731627,-0.0547061678282675,0.5002799350460971,-1.2917167935963687,-0.7324066793827891,-1.6446876916803022,-0.1154021621538378,0.0577399539365906,0.5064973839899014,1.3702136135648528,-0.3043941599381227,-0.5318009643735347,0.3664746815786655,1.889907444333003,0.6077061508626622,0.3944035553706352,-0.3793070845609315,0.2555480265460201,-0.3799711110161707,-0.7511190724849393,-1.5392485695314018,-1.1751505874114172,0.2606464930299419,1.359616235976865,1.1600850913071172,-0.3793070845609315,0.2555480265460201,-0.3799711110161707,-0.1983103479461731,-0.3367043822650327
22930,1,1,0.05096955120905042,0.9490304487909498,0.9490304487909498,1,True Positive (Fraud Caught),Very High,90-100%,-0.1818760961797732,0.4998550813554636,-0.5165903083720244,-0.2309055819481625,0.1041594482599571,-1.7023525116057576,-0.1161645938975946,0.303285668942963,-0.7307252466343549,-1.042945785488773,0.382993067814582,-0.6282984302599541,-0.1139371134148485,-1.042788615351654,0.1092273724734752,-0.6325908701084462,-0.4844879622771195,-0.3847738705670557,0.114937641685208,-0.213731459201225,0.4389854118466007,0.2204667870785701,-0.5723160947162365,-0.5331085721531751,-0.3690620077137709,0.1901279338364762,0.2976335477946494,0.6234465000612905,-0.6609312327478578,0.5373679888373531,-0.6587572341289322,-0.742481153031685,-1.3414591149041304,-1.0324498608838482,1.240344624370114,1.359616235976865,1.6357862112877826,-0.6609312327478578,0.5373679888373531,-0.6587572341289322,0.0825319892843296,-0.6262256381345932
4896,0,1,0.052208308847396745,0.9477916911526033,0.9477916911526033,0,False Positive (False Alarm),Very High,90-100%,-0.0466058763517642,0.6450633555629606,-0.7464730991743206,1.016752820669716,-0.5939669334569403,-1.379624217278124,-0.8080796520097722,0.3731793167677774,-0.8716614067106445,-1.8542893241674567,2.890888120275209,-2.6640830237319606,-0.0346198249886002,-2.177230323982544,-0.4760493334441806,-2.400332327828339,-2.3213411199636136,-1.7405315930753096,1.4469224978988782,1.4116093883934917,0.6938841240028891,-0.2766167970944508,0.3487291974143303,-0.0013059873024921,-0.2350254437331598,-0.8075391706979169,2.035936251882088,2.016176226767743,-1.434013133711152,1.4404982830992783,-1.4369396878516976,1.3495295556334586,1.312773340492237,1.4184305495096776,-1.3721837258703449,-0.7355016610856474,-1.427955525730551,-1.434013133711152,1.4404982830992783,-1.4369396878516976,0.9825293514370924,-1.4343733277753123
11805,1,1,0.060549984387535186,0.9394500156124649,0.9394500156124649,1,True Positive (Fraud Caught),Very High,90-100%,-0.2176456816441864,-0.4031245856329644,0.2810898243743902,-0.5560691002502713,0.0824952377382935,0.2066536184321784,0.2213923471667514,-0.1169495892225999,0.6045159756195636,-0.0066587560404774,-0.1242508065658573,-0.0900806295789143,0.6482268063867697,-0.560036460897845,0.6051128569249128,-0.161120323686171,-0.3469772640007697,-0.4792876135178529,-0.318246169910499,-0.7188248647634062,0.0915978583335415,0.3555110674279342,-0.2796486644170883,-0.8577911862676287,-0.0944758102533439,2.050271450848155,-1.6691085432371464,1.7763432190404442,-0.2072956182022607,0.0501135021234026,-0.2061554062706007,1.6182388878144185,1.3882518058602535,1.5810186699942572,0.9137785805900566,-0.7355016610856474,-0.3990434941173837,-0.2072956182022607,0.0501135021234026,-0.2061554062706007,-0.4030322261183179,-0.1561956088515306
19384,1,1,0.08134335649880643,0.9186566435011936,0.9186566435011936,1,True Positive (Fraud Caught),Very High,90-100%,0.2892241032680111,-0.3056851449867164,0.2205611919863037,-0.5985541314649262,0.0995481799923128,0.5249038086355239,0.1333623609301891,0.1336274860473875,0.3152707160148587,-0.1420055697635957,-0.0588898458600645,0.0898311091617016,-0.3596730233616417,-0.1043021482416151,-0.7176913948554942,0.1168689800028042,-0.3014137574634364,0.2456167181565488,-0.0225223468790386,0.0551312589587942,0.2924761845910251,0.8189033808858425,0.2942053376880592,0.1463747144625388,-1.3266113321911004,1.0249714899572615,0.3308793461586689,0.3763997960445375,0.0606395432972526,-0.2010230724463301,0.0574512290003237,1.0670462437837962,1.222351701747297,1.2358482850345556,1.7301936900401995,1.359616235976865,1.810957913016512,0.0606395432972526,-0.2010230724463301,0.0574512290003237,-0.653297615385937,0.1175616472379984
27758,0,1,0.09346137756837855,0.9065386224316212,0.9065386224316212,0,False Positive (False Alarm),Very High,90-100%,0.6066463256035199,-0.2528363249089004,0.4377033135057114,0.1380125328246054,0.5684984478468968,0.0817552343423174,0.6088638974091999,-0.1782980132335747,0.0998895676615099,0.499028620639424,-0.4626021517724253,0.6604794151322149,0.531426807967936,0.1820357444541211,0.9159004438353182,0.9191365324998636,0.9133004238205816,0.6138074227440622,-1.6581955111857831,-0.2756566481278741,-0.1753383306678231,-0.5154675821190672,-0.0516485191434175,-0.2286760700548806,0.8126831415595699,0.006722673414707,-0.0497858931133712,0.073791130192564,0.6953383628509082,-0.562043706143211,0.7025087044364474,-0.7182015956495653,-0.9855367349099696,-0.8735142964938105,-0.8823346602002587,-0.7355016610856474,-1.2242759491566189,0.6953383628509082,-0.562043706143211,0.7025087044364474,0.2704966364616993,0.5995199378068072
35331,1,1,0.10036032768559214,0.8996396723144079,0.8996396723144079,1,True Positive (Fraud Caught),High,70-90%,-0.5035125492636907,-0.4478801446696124,-0.3318604276532004,-0.2243765461838019,0.2735199386846823,0.2313656331077002,-0.217473355567961,-0.3079208109338613,-0.690215724925033,-0.6019194169487309,-0.0646098814458383,-0.3700454519452965,-1.123378516110686,0.146169874265036,0.371903124780728,-1.047182093957147,-0.6878607752063727,-1.6425372786542425,-0.4934584409773975,-0.4257889957987807,-0.2488283418894837,1.525337479704079,-0.231926118685584,-0.379842330011212,1.3562005577074712,1.947066540264208,0.834718714812206,-2.69435621306678,-0.7216536658834332,0.5558161695882833,-0.713548959531407,0.1820096857490278,0.8073165873554574,0.5443531319689972,1.4036276462601425,1.359616235976865,1.6791036493021945,-0.7216536658834332,0.5558161695882833,-0.713548959531407,0.100916173845344,-0.683127211902554
7485,1,1,0.10298911916356601,0.897010880836434,0.897010880836434,1,True Positive (Fraud Caught),High,70-90%,0.3646113128971811,0.5476829368557145,-0.314509104992113,1.2638423735781434,0.7234803257860681,-0.4655400697134729,0.3540794033172572,0.0207092301491476,-1.1917293451277802,-0.2532034909067894,0.9303603633597608,-0.3296415560785771,-0.3817375766041824,-1.4244359895467966,0.7344672774939492,0.5055108851106486,0.8018919774103793,1.3804965229206805,0.3386804427761293,0.3898525772526302,0.0399917284515998,-0.5564337635034359,-0.3225828771478283,-2.099533412864736,-0.1696384325019228,1.231792495711283,0.3569957869582625,0.4471152009221364,0.3282918029912941,-0.199433166751007,0.3176114583646749,-0.7333763190133902,-1.183741132726769,-0.9603163262214752,1.0770616024800852,1.359616235976865,1.5530834559272626,0.3282918029912941,-0.199433166751007,0.3176114583646749,-0.1956495558806696,0.3877397877131404
38620,0,1,0.11717401897980535,0.8828259810201946,0.8828259810201946,0,False Positive (False Alarm),High,70-90%,0.7327518854959592,-0.3204764238655271,0.285229096394508,0.5504983999847987,0.6096042647935965,0.4437993471393167,0.5521761491897123,-0.1396762817377005,0.1593610220906452,0.6902973166840417,-0.4004976110449044,0.69386530810009,-0.1643243847312593,0.1255087766824288,-2.019831034649385,1.1043060997580627,0.8255279059499468,1.078736715771745,-1.3889083311795072,-0.424169541140967,-0.1187330779408202,-0.0482153560635787,0.0266111167835755,-1.0617334703553458,0.1398453283201068,0.1561098225037338,-0.0728576453304879,-0.1275938963345929,0.7052161992902506,-0.5245515953224049,0.712615016295346,-0.7280068015154214,-1.1063271564190542,-0.9264667022678592,-2.0253158134304594,1.359616235976865,0.0874709577011173,0.7052161992902506,-0.5245515953224049,0.712615016295346,0.3769828829157998,0.5955062789932182
29595,1,1,0.12350085951660277,0.876499140483397,0.876499140483397,1,True Positive (Fraud Caught),High,70-90%,0.60104324350053,-0.2589343337409853,0.3620998761775494,-0.0831590959835303,0.535046310902657,-0.183594352185148,0.5845519780048912,-0.1716322432977854,0.5814086435278365,0.1500273336480561,-0.2224579581748686,0.7297041258824599,0.3093583938089195,-0.3112368132132137,0.3956498589260059,0.8071778753305033,1.2726214383811607,0.8873730654234816,-1.2476403996839769,-0.2342745948597609,-0.2589888532057326,-0.7482344037342161,-0.0849899425291081,0.1195530569111793,0.9573456207287208,-0.8523557187361261,0.0313344438796271,0.2008800643699615,0.6462204112602921,-0.5198281303499313,0.6481141495231124,-0.7280068015154214,-1.1063271564190542,-0.9264667022678592,1.4036276462601425,-0.7355016610856474,-0.158949060919595,0.6462204112602921,-0.5198281303499313,0.6481141495231124,-0.302637466377447,0.5644954561013752
38812,1,1,0.2302867675552537,0.7697132324447462,0.7697132324447462,1,True Positive (Fraud Caught),Medium,70-90%,0.4880108711240533,-0.3131000733220969,-0.304421706894046,-0.0618499169369885,0.2242564623622785,0.4190863521536355,-0.0762156341379566,0.1087532197032967,0.1363316802978436,-0.576734138160811,0.9408878345610712,-0.4109766164121491,-0.9403882275820872,-0.9402022955686568,0.7967539964613647,-0.7315082487512939,-0.4421868578096603,-0.5009890800812115,-0.3830359691720561,0.4192093567322443,0.408802735485396,0.8877212128517377,-0.3213198933085727,-3.56974131076477,0.414398223245123,0.3229111884220305,0.8316512407206174,0.8473746660076049,-0.2906595003798587,0.1935058502821182,-0.2945140824505443,2.062741553733226,1.4962169147862152,1.8309045712237664,0.2606464930299419,1.359616235976865,1.1787412942605369,-0.2906595003798587,0.1935058502821182,-0.2945140824505443,-0.2601373017472981,-0.2479566857981115
13689,0,1,0.23774996620790023,0.7622500337921,0.7622500337921,0,False Positive (False Alarm),Medium,70-90%,0.1262128986894264,-0.2056582238614746,0.6255294464961584,-0.3670530634880634,0.2446490291396514,-0.0773817080821334,0.3446347400790307,-0.0462602801695193,0.1917734591170618,0.0963714542560626,-0.317214654406912,0.2838471758625456,-0.0797784314150164,0.1954977325685455,-0.8532020393343485,-0.3164816797290046,-0.1225334140959581,-0.6783295520297401,-0.734858234413272,-0.0446711621410436,0.0840424621090609,0.2289214309554334,-0.2525839535182325,1.2002122779020905,0.2071275048471695,-1.2103669618166757,0.6356269044518418,0.7876280840561067,0.09852109493402,-0.2537864810051256,0.0963196444844652,-0.7046610732633832,-0.8493960425749618,-0.8120131045233094,-0.0659195507501154,-0.7355016610856474,-0.8372612464230228,0.09852109493402,-0.2537864810051256,0.0963196444844652,-0.7058779892509424,0.1579267570181466
25710,0,1,0.3030818104934567,0.6969181895065433,0.6969181895065433,0,False Positive (False Alarm),Medium,50-70%,0.7329275053553201,-0.2753220519020434,0.3222862691892573,0.6094218533196971,0.5638294122099075,0.0129915165530121,0.6051742240336677,-0.2008803600046622,0.1256911393074,0.6711152764889616,-0.7226435269181798,0.7168425652836768,0.6877066605386926,0.1360554419056764,-1.3507995130437394,0.9282063773677222,0.8784321761015349,0.5518631447384893,-1.806199743154174,-0.4153861623832843,-0.1761815062697299,-0.3531791726574862,0.2523050483215602,0.283472722318576,-0.0568238819380116,-0.2223700913022211,-0.0714696246385384,-0.0948692744846322,0.6628673972051871,-0.5435187522428964,0.6663600429958948,-0.7513525297674596,-1.545553796635036,-1.2027821302051458,1.0770616024800852,1.359616235976865,1.5128219595191956,0.6628673972051871,-0.5435187522428964,0.6663600429958948,-0.1103876391165563,0.5962551377679932
39337,1,1,0.30620633766854,0.6937936623314601,0.6937936623314601,1,True Positive (Fraud Caught),Medium,50-70%,0.7330315789340918,-0.249394088256554,0.2020322591101292,0.5651184281840144,0.6691831675464175,-0.0016408260010389,0.6404836900224639,-0.1850357089871301,-0.053255893342205,0.6871464101615119,-0.1860300927182681,0.6463981977860396,-0.6862548401890016,0.1772917712048571,-1.8063817756146356,1.0603081040782023,0.8918107484147203,0.975130938578053,-1.4941407447095214,-0.4501295270850671,-0.1614489842112663,-0.4313402522685697,0.1034509531722083,-0.3735015703316341,0.1699472287116633,-0.0818589300016727,-0.1109652948390878,-0.1247488754519421,0.6797216159225182,-0.5227557754473724,0.6845169648548062,-0.5865316883080699,-0.2231390836294338,-0.4685937872330368,1.0770616024800852,1.359616235976865,1.5159847522306575,0.6797216159225182,-0.5227557754473724,0.6845169648548062,0.0809247291252249,0.5991830952200928
22689,0,1,0.3209169219768154,0.6790830780231845,0.6790830780231845,0,False Positive (False Alarm),Medium,50-70%,0.4590355134204131,-0.2799277272924297,0.6705706762599083,0.3342232828271768,0.3008560194880312,1.24491821262378,0.2804821827356787,-0.6877277043587714,0.0739023981003375,0.6078283870408119,-0.1593157607423776,0.9492699268331152,-0.0728816266745368,0.6399615706844408,-0.5228999144115187,0.5558966902722425,0.8170344687168476,0.5240568064942253,0.0503699192196374,0.5414105442007614,-0.7384197611463834,0.5060838962145416,0.0918506236022668,0.3751888398410939,0.8303671583482345,0.7105828917506388,0.0053661714532524,0.2929676191898956,0.7561868817955794,-0.5263761312885978,0.7702232648949721,-0.7336097762959105,-1.1873313411730195,-0.9618959248211802,0.0973634711399132,-0.7355016610856474,-0.7725735873852206,0.7561868817955794,-0.5263761312885978,0.7702232648949721,0.9839784163820896,0.6056982289525076
21180,0,1,0.34285072207604456,0.6571492779239556,0.6571492779239556,0,False Positive (False Alarm),Medium,50-70%,0.1068580199080883,-0.408332710956732,0.7027061225947303,0.2395874211683558,0.7156882228403265,0.8368254832287977,0.3115250044617781,-0.1381772323189094,-0.0430602246633748,0.6812199650305232,-0.2446679912889022,0.1222559007341484,-0.568502922151042,0.171462100742819,-1.265077275935541,0.3934674374785125,-0.3480768669618462,-0.0156059601877288,-0.8031936426709168,-0.4386812831257451,-0.1301648523747722,-0.6027869756621982,-0.5505960557232776,0.3480632109123767,-1.5407190838073146,-1.4084322409713033,-0.2505735003598541,-1.228955885807448,0.1777947980053084,-0.3071182945063112,0.1729301408997345,-0.7513525297674596,-1.545553796635036,-1.2027821302051458,0.4239295149199705,1.359616235976865,1.208232199272815,0.1777947980053084,-0.3071182945063112,0.1729301408997345,-0.712913382637087,0.2374872706021311
3017,0,1,0.3668227078117357,0.6331772921882644,0.6331772921882644,0,False Positive (False Alarm),Medium,50-70%,0.2615717954743707,0.0465843739761953,0.5751914554096549,0.2114545689375201,0.8815956382901883,0.0611036030953787,0.8328975327730542,-0.2000655473646319,-0.5028314134258121,0.442433661672042,-0.9031571281572828,0.5290541124504041,0.5315445130682812,0.1149467234383346,-1.508398880566541,0.967726313380206,0.869220408265954,0.7461444956443759,-1.6401732654759489,-0.1904211924378132,-0.1757434394185428,-0.5914365434968493,-0.7442810404136027,-0.611883867026216,1.6667182971116856,0.2691036543438234,-0.0790322096900617,0.158689131680717,0.6112041372829965,-0.5422992393899407,0.6106641136862665,-0.6628722196922349,-0.5528903209651654,-0.6648534011301236,-0.3924855945301727,1.359616235976865,0.8127335187929332,0.6112041372829965,-0.5422992393899407,0.6106641136862665,-0.6972338138398413,0.5947563276025124
26781,1,1,0.3703788392662644,0.6296211607337355,0.6296211607337355,1,True Positive (Fraud Caught),Medium,50-70%,0.1044995520883326,-0.2440574040260337,0.4803604247812879,0.2443271158205961,0.2616095935073215,-0.2546143100672757,0.1151018467117156,0.0184151387442259,-0.0159393536268856,-0.0379587585811806,-0.4463384035122525,-0.3165981283090143,-1.8181860377152237,-0.2559566162651976,-1.3040695664172706,-0.1588697760188835,-0.356432899866324,-0.3855568325833069,-0.7352150869205643,-0.2062176328349103,0.1073594552865015,-0.2777508383807766,-0.3879560339396806,0.5347078044469159,0.2930268053769208,-0.1791198093336633,0.4656747439984391,0.4468594615176731,-0.180540922954319,0.0252324924320982,-0.1799043341614297,-0.7513525297674596,-1.545553796635036,-1.2027821302051458,0.2606464930299419,-0.7355016610856474,-0.6614270678425683,-0.180540922954319,0.0252324924320982,-0.1799043341614297,-0.4278269243275852,-0.1289336946640175
13210,0,1,0.3848179782535979,0.6151820217464021,0.6151820217464021,0,False Positive (False Alarm),Medium,50-70%,0.4589126233324416,-0.2996678417664055,0.6674680668252575,0.3371203257046005,0.2810496440080556,1.2307050628465457,0.2692355486018073,-0.6750286641629393,0.1372160133196327,0.6141372239147618,-0.2201583248962705,0.8348134018161122,-1.0052818655414473,0.6815543869392968,-0.4069518213023909,0.5692759361738471,0.8264777163796223,0.5749460070740199,0.0557046963669031,0.4755458706292605,-0.7439886628027569,0.42342646868978,0.1068202299933454,0.3251642469410635,0.7767413492926301,0.7181351504954516,-0.0013998261341189,0.2874783303319537,0.7170117141396223,-0.5512334075737886,0.7265535917625424,-0.7336097762959105,-1.1873313411730195,-0.9618959248211802,-0.5557686164202014,-0.7355016610856474,-1.0809886171947878,0.7170117141396223,-0.5512334075737886,0.7265535917625424,0.5238481887901729,0.606541291014715
762,0,1,0.3913126220854795,0.6086873779145204,0.6086873779145204,0,False Positive (False Alarm),Medium,50-70%,0.3211877060951693,-0.1082766173633263,0.1674200048826154,-0.1223670022671167,0.6388377736766229,-0.7604971639903045,0.5065519549454812,-0.1697113249474769,-0.167064019911995,0.0578431451894512,-0.3543962719580902,0.1173646955511555,-0.0035441634024524,-0.0455601602185485,0.6077011102657744,-0.0455366704859238,0.2421359109699352,0.2532274849920967,0.2190472582128877,0.1234550633064962,0.1680759950524263,0.6530071067262776,-0.1135453655791985,-0.3859359050047253,-1.157429171824519,-1.2042624369336146,0.5933897525393147,1.1211530252043775,0.2269580256119193,-0.3537089813842948,0.2216753258984414,-0.7046610732633832,-0.8493960425749618,-0.8120131045233094,1.5669106681501712,1.359616235976865,1.7398378174506697,0.2269580256119193,-0.3537089813842948,0.2216753258984414,-0.805453861450485,0.2881094716673953
26440,0,1,0.40736563073414156,0.5926343692658584,0.5926343692658584,0,False Positive (False Alarm),Low,50-70%,0.7367633719847163,-0.2917762574494545,0.1584788631744379,0.4849036643293676,0.7650043927887747,0.5033979092143162,0.6193914038076711,-0.142764211215354,-0.0063270731554994,0.7113127348483556,-0.3962618046109345,0.5555411834447079,-1.0800422657015072,0.2519675269556575,-1.6339063836954613,1.0739963667968704,0.8361149594870138,0.996396330004771,-1.3605195736154216,-0.434589283390294,-0.1702963522945037,-0.5655232132344461,0.0864308642034528,0.0470980758302917,0.2471033023231492,-0.0784365874164391,-0.1224550032031716,-0.1357935803702662,0.6789494816797166,-0.5311125390731112,0.6837826806558074,-0.3990654904442031,0.2149071710934118,-0.1294113857012056,-0.229202572640144,1.359616235976865,0.929756849117018,0.6789494816797166,-0.5311125390731112,0.6837826806558074,0.0731878643546126,0.6013764104927874
41255,0,1,0.40804908923921085,0.5919509107607892,0.5919509107607892,0,False Positive (False Alarm),Low,50-70%,0.6159700668616778,-0.2631113676568875,0.3503458364201115,-0.193461092907807,0.4809493278642713,-0.8017273356957899,0.6486653769194082,-0.2391184827312736,0.4153941361339542,0.2863720910075995,-0.2687430601637028,0.5920921809794047,-0.5762379204303856,0.0675848399836514,1.243663584535714,0.8570142918338508,1.0623474223248317,0.9841812676599692,-1.089902569835258,-0.2885243659516938,-0.1746663299307079,-0.5167573748265819,-0.1338792731635944,1.187779740066902,1.1565295069674446,-0.8378449467427994,-0.0421801134968879,0.1315802455512123,0.6375871011760259,-0.5611202101012622,0.639076244696983,-0.6621718478446736,-0.5489339911788044,-0.6627285920853094,-0.3924855945301727,-0.7355016610856474,-1.0237805355151723,0.6375871011760259,-0.5611202101012622,0.639076244696983,-0.3978663267352956,0.5913934293532405
781,0,1,0.41406819342243617,0.5859318065775639,0.5859318065775639,0,False Positive (False Alarm),Low,50-70%,0.6165987779553149,-0.2697407264385935,0.3493682951070352,-0.1927291865196687,0.4729215362357429,-0.808271136525735,0.6433824366406852,-0.233553932517817,0.4426321980406683,0.2892864343154812,-0.2948292025039947,0.5430207289679455,-0.9761878798855304,0.0853107516578055,1.2930758310667354,0.8626690805850494,1.066384217497305,1.0058120671567112,-1.0870851060013424,-0.3211580357052024,-0.1776706712190348,-0.5510608999011725,-0.1251502537206575,1.166143315509545,1.134771757458641,-0.8341024013748435,-0.0446682540312587,0.1282910818265296,0.6212045161549263,-0.5631109704243656,0.6214430313939555,-0.7095636761963112,-0.8953819204461541,-0.8330972831638627,-0.8823346602002587,-0.7355016610856474,-1.2096800881976435,0.6212045161549263,-0.5631109704243656,0.6214430313939555,-0.5836605832137942,0.592652045628347
24099,0,1,0.414629468161897,0.5853705318381031,0.5853705318381031,0,False Positive (False Alarm),Low,50-70%,0.6155432876069497,-0.2961457736949915,0.3451324660149565,-0.1885334446884735,0.4482582435886216,-0.8249281792362083,0.6303415613981493,-0.218296074310148,0.519375149754133,0.2966671148517265,-0.3686951507017728,0.4040626185675579,-2.107922842782671,0.1359487618971,1.4342420830966962,0.8790206127762898,1.0778647323269932,1.0678439862427245,-1.0813135924117616,-0.3952764340207619,-0.1836113785482406,-0.6529217338899538,-0.1100499087119108,1.1056616034162126,1.068025738958395,-0.8256046242446257,-0.0534315202331022,0.122871256028036,0.5742689033543249,-0.556745507591693,0.5715619113641806,-0.646530209915808,-0.4664590860465707,-0.6172802356176178,0.5872125368099992,-0.7355016610856474,-0.5040353900052997,0.5742689033543249,-0.556745507591693,0.5715619113641806,-0.7386124496716004,0.5962475630267053
14818,0,1,0.4154857119507968,0.5845142880492034,0.5845142880492034,0,False Positive (False Alarm),Low,50-70%,0.6040680471701301,-0.339995305415546,0.558874549216446,0.0899344617278402,0.4601949417667476,0.1365545999083163,0.5998047623721924,-0.1870486324841805,0.0903076963488362,0.648680765088077,-0.5126893355903195,0.808335474777075,0.9924817751331504,0.5338869739658165,0.6479023598385735,0.7246502432859545,0.7062530471395806,0.2270453705170229,-1.5562956401221464,-0.3047003333643304,-0.1148507832096172,-0.1535918563506925,0.0245251056733748,0.6617848850941672,0.7617710884302946,-0.0450731500271424,-0.0684500980072205,-0.0123017663610195,0.7228553338272494,-0.575324341705747,0.7344379419687285,-0.6579696167593068,-0.5257011206945644,-0.6501512743305724,-0.8823346602002587,-0.7355016610856474,-1.1966228831523522,0.7228553338272494,-0.575324341705747,0.7344379419687285,0.6069224963029707,0.6168991984793641
50104,0,1,0.4175199369166277,0.5824800630833723,0.5824800630833723,0,False Positive (False Alarm),Low,50-70%,0.7272672350314132,-0.3907880438799349,0.3733580198556186,0.5234018481080135,0.4884985276831368,0.5947290882880144,0.444633254935582,-0.0888352830718317,0.4337184055319814,0.670548769721511,-0.9507749761478504,0.323659184831546,-1.354400907138205,0.1341689127609962,0.6253690807942314,1.3256603350768883,0.8012077485153957,1.1804225241966804,-2.175535909826104,-0.4507840141327173,-0.0828833943178816,-0.103648264088196,0.298239320019473,0.5769183738813148,-0.6234878319655646,-0.1238182849542153,-0.0469697545737062,-0.0265347209622736,0.6643031977759075,-0.533288712240848,0.6678137747090073,-0.3981316613141215,0.2164805303018815,-0.1279897019727965,1.240344624370114,1.359616235976865,1.638030084495239,0.6643031977759075,-0.533288712240848,0.6678137747090073,-0.0950702379080889,0.5961211860520756
30738,0,1,0.42317934443989336,0.5768206555601065,0.5768206555601065,0,False Positive (False Alarm),Low,50-70%,0.7328051508602037,0.1078804350943968,-0.0980800043077187,0.8241002992657898,0.8642117715024809,-1.1965507705218583,0.7586371569093321,-0.2731509374531128,-0.2480213287619031,0.2305013779186401,0.0933306931274997,0.3196587862677815,-0.7764004271215826,-0.8569866582246263,0.1493762471685867,1.4420357056946873,1.6003084190635848,1.6431242126976644,-2.7738301776149705,-0.3264310104555771,-0.2143739411895628,-0.7448251630006143,0.0330756177753883,0.4751498339895232,0.3069360506688118,0.1359546443800988,-0.0657653436744028,0.1909246451346957,0.6679003854962051,-0.3396607797243797,0.6705169228282349,-0.7333763190133902,-1.183741132726769,-0.9603163262214752,0.0973634711399132,1.359616235976865,1.0809511628575033,0.6679003854962051,-0.3396607797243797,0.6705169228282349,-0.066588225790823,0.5257448603805492
44948,0,1,0.42499560790409247,0.5750043920959076,0.5750043920959076,0,False Positive (False Alarm),Low,50-70%,0.5960143982303107,-0.417656109408231,0.6294072291203593,0.1472267759034265,0.3548841922520998,0.4211826722116679,0.5152402052795441,-0.131890259054457,0.3119089831958847,0.6379933228105136,-0.1794954275511006,0.952988654428588,0.5594729662219198,0.4095040529225972,-1.636196374660899,0.7929975893155944,0.7001896545998716,0.6669796497608977,-0.7635063065649529,-0.2878922940924029,-0.1297668593968065,-0.099214626630627,-0.0832068944173444,0.9211518397086732,0.8710530634426878,0.0309682272827643,-0.0509262347722215,-0.0125057007812027,0.7631404649213648,-0.5419068679106206,0.7794533838260718,-0.6638060488223163,-0.5582041474561436,-0.6676996048545023,1.4036276462601425,-0.7355016610856474,-0.155059680693338,0.7631404649213648,-0.5419068679106206,0.7794533838260718,1.0812325614174332,0.6156711699900757
31958,0,1,0.4282812752513636,0.5717187247486365,0.5717187247486365,0,False Positive (False Alarm),Low,50-70%,0.624001893797192,-0.235632842542297,0.3375862218031982,-0.1698310891366017,0.5561456784618249,-0.5848528753580499,0.6285088738424411,-0.2478344049852832,0.9975507030121584,0.2052131047218477,-0.1046161692087738,-0.0231082196136748,0.9666786151864434,0.3772397007676792,0.4948238505388228,0.896476453019752,1.1556890294210644,1.1840911945103645,-1.08905579225948,-0.3315815302089513,-0.2696247725051924,-0.8253327467649245,-0.1991641050101445,0.0458318135253528,1.2303894749061242,-0.848433129648816,-0.072011503398306,0.0980707975878628,0.6869351024997558,-0.5256334202704127,0.6924637706364112,-0.7280068015154214,-1.1063271564190542,-0.9264667022678592,-1.0456176820902874,-0.7355016610856474,-1.2719529122598023,0.6869351024997558,-0.5256334202704127,0.6924637706364112,0.1646571065540649,0.5911267338377952
26871,0,1,0.4323116227309496,0.5676883772690504,0.5676883772690504,0,False Positive (False Alarm),Low,50-70%,0.6063361447817431,-0.3646794692782459,0.7257646784797367,0.4600324739409882,0.3566987958517398,0.4188414795889428,0.5206505550504082,-0.1723445962569859,0.6187871002602081,0.8171017858513229,-0.648802465549285,0.0452294670763089,1.3773746326421494,1.1488074831195394,-0.5513636175096986,0.9038232500386186,0.5557991021111767,0.4599761139379681,-1.6629233098859617,-0.4625995495989397,-0.1928149520050534,-0.5401859682613785,0.1069945112271403,0.6245837548697895,0.5022358770732268,-0.3045672551139169,-0.1228201920417949,-0.0836770828860662,0.7654644944489933,-0.5141334711339609,0.7802723725608405,-0.6920543800072826,-0.7445144925107873,-0.7624078031615937,-1.5354667477603734,-0.7355016610856474,-1.5369650231708645,0.7654644944489933,-0.5141334711339609,0.7802723725608405,1.089861924677872,0.5958389197335622
11494,0,1,0.4331595107150424,0.5668404892849576,0.5668404892849576,0,False Positive (False Alarm),Low,50-70%,0.7217347510383225,0.0208606963499105,-0.2126063752530063,0.6307924090864265,1.163556283618825,0.4261161561740668,0.6836399480747467,-0.1061389924901023,-0.2562481317565296,0.2451655148222186,0.3904920322885791,0.302089649255198,-1.5740330025594198,-0.7750166945783131,0.4564588714915376,1.3870800276509272,1.6132759776782035,1.5428380348798023,-2.935030038291103,-0.4280232857418179,-0.2037171308919569,-0.6490593907198411,-0.1032079295465695,-4.428459126092566,0.1861950734441219,0.5393175804899393,-0.0253073220061831,0.0891053079404166,0.6669682404042209,-0.33573773104696,0.6695055723618781,-0.7333763190133902,-1.183741132726769,-0.9603163262214752,-0.71905163831023,1.359616235976865,0.6863927721026506,0.6669682404042209,-0.33573773104696,0.6695055723618781,-0.0772444292125602,0.5315650817723531
42452,0,1,0.4358419485966397,0.5641580514033603,0.5641580514033603,0,False Positive (False Alarm),Low,50-70%,0.3548361554848797,-0.0630175288673035,0.4550276196543565,0.1801117256949921,0.8426923129237264,0.8701334453558356,0.7067187183913866,-0.1796085312696703,0.0578203378225034,0.6884538569616541,-0.5053619634631991,0.578040787801387,-0.2045269714302516,0.0144286535130196,-2.374858221650936,1.1036754774586786,0.7644021418051843,1.1527084109203736,-1.485846038678435,-0.3313411788692689,-0.0844421888081345,-0.0024739874671662,-0.2976759749512598,-0.0795935999322614,-0.2598961056735222,-0.2524775024899216,-0.8065059111386161,-0.5367902867960792,0.6483406898876479,-0.5476825941024619,0.6506100577430777,-0.6808484304463043,-0.6639400602966345,-0.7225971122560005,-0.3924855945301727,1.359616235976865,0.8533796791794213,0.6483406898876479,-0.5476825941024619,0.6506100577430777,-0.2763390598421288,0.5876191105681546
31853,1,1,0.4404756145498907,0.5595243854501092,0.5595243854501092,1,True Positive (Fraud Caught),Low,50-70%,0.1521826813818271,-0.0658008042989359,0.3963919027279824,0.1280783720585799,0.3734431024600274,0.0382850944672534,0.3118637050748354,0.0092961958885444,0.0068378787127403,-0.0237567477031849,-0.6113464414677656,-0.015284149092067,-0.4048066042308116,-0.4016254538314094,-1.3667044627513714,0.3088971692643385,0.0940018985878423,0.189955121426168,-1.0001388114481895,-0.1569579739560418,0.0023688013091289,-0.3390187802755815,0.0065233050902204,-0.6837540005481038,0.1480461835270036,-0.3196963059143378,-0.0031667187565742,-0.2487825775346224,0.0353447762478556,-0.1856415571545812,0.0332682729950212,-0.7280068015154214,-1.1063271564190542,-0.9264667022678592,1.5669106681501712,-0.7355016610856474,-0.049576269721884,0.0353447762478556,-0.1856415571545812,0.0332682729950212,-0.6379694581129051,0.0924474854744246
21197,0,1,0.4536456903457163,0.5463543096542838,0.5463543096542838,0,False Positive (False Alarm),Low,50-70%,0.6031054321811531,-0.2947214072805583,0.3284571154191417,-0.23828060964681,0.5871616603297813,-0.1475604526877134,0.6199018822783805,-0.1701837809388295,0.4249352426815352,0.267308228350413,-0.1756288705649424,0.6032804945625698,-0.684379140544911,0.0820052137365876,1.827730023140264,0.7013721091219485,1.147162827669163,0.6288213510760536,-1.619747302503961,-0.3560943574796804,-0.1536892073768058,-0.3230238319361797,-0.0872949258200561,-0.3757846195498446,0.952478475220908,-0.669077687825334,-0.0077037266611557,0.1077354033318884,0.6302857006697697,-0.5611399298101067,0.6311971276213354,-0.6509658982836953,-0.4887778561092961,-0.6298022635610261,1.4036276462601425,-0.7355016610856474,-0.150465083173309,0.6302857006697697,-0.5611399298101067,0.6311971276213354,-0.4808854948029587,0.5924173381615545
44678,0,1,0.4682281391913069,0.5317718608086932,0.5317718608086932,0,False Positive (False Alarm),Low,50-70%,0.7079573766273184,-0.3268114879709901,0.1772626406391637,0.5327823712461177,0.7207905770369836,0.33787446167225,0.6562843244893041,-0.1771855964513784,-0.1099096220171977,0.6964758726872654,-0.1905818087738331,0.741663607402429,0.1592491015236276,0.2022091321700612,-1.8700932475146024,1.0393313465786285,0.8400015709422589,0.9115068778837384,-1.459005599197461,-0.1870970141584803,-0.12861084685063,-0.4359992943459693,0.0382711424924608,1.0198061980419508,0.2082094330315939,-0.1808262684011216,-0.1311955179958381,-0.080502634722281,0.7358803345646271,-0.5051497464550704,0.7463155128814198,1.3647042789972834,1.317283960887014,1.4278800587718563,0.2606464930299419,1.359616235976865,1.1834641131067063,0.7358803345646271,-0.5051497464550704,0.7463155128814198,0.7320718050858023,0.6009523354498767
19787,0,1,0.4688641893538481,0.5311358106461519,0.5311358106461519,0,False Positive (False Alarm),Low,50-70%,0.6091699468710167,-0.2873323125230929,0.3443897704329621,-0.207624786101945,0.511834467935059,-0.5199787911693046,0.6275777198068654,-0.1987329454212235,0.454382708241367,0.2808183990115399,-0.2259231860677111,0.537885090470793,-1.1917850411161943,0.1001964001539485,1.5935120801770954,0.7790243123546735,1.116045060085304,0.8235028532621987,-1.379373464260246,-0.3694563172456214,-0.1650641728436207,-0.4486887736247499,-0.0835693502098874,0.5656149981122924,1.004035815833456,-0.7630108769395058,-0.0283524686490876,0.1179622481184007,0.614306687812768,-0.5638782400458683,0.6140543076798948,-0.7158670228243615,-0.95987857008667,-0.8621175915625507,0.9137785805900566,-0.7355016610856474,-0.3900893715085832,0.614306687812768,-0.5638782400458683,0.6140543076798948,-0.6615126686611633,0.5937089909526362
16588,0,1,0.4796773385381459,0.5203226614618541,0.5203226614618541,0,False Positive (False Alarm),Low,50-70%,0.7167214832051456,-0.3886636409779659,0.4646746134603705,0.5098309501372121,0.4513784495071634,0.8861520306897959,0.3968983969225912,-0.057388514840688,0.3233409859244029,0.6803381208398598,-0.1897553795320117,0.7468895268585908,0.5000381728621679,0.0360900516941473,-0.5625297907308809,1.398879056295685,0.7396580469956263,1.2925648735842694,-1.8888991854738693,-0.3176182668727763,-0.1149814012768616,-0.1985158057362424,0.4422997644755187,0.9381657861553224,-0.970345443260832,-0.5976748580300582,-0.0120296606184134,-0.0127421977357526,0.8137174593998593,-0.4613783673828961,0.8331435846098098,-0.6101108738426284,-0.3079785998438797,-0.5231360420954566,1.240344624370114,1.359616235976865,1.64724064975632,0.8137174593998593,-0.4613783673828961,0.8331435846098098,1.6469451608948784,0.5891571633799646
16181,0,1,0.4875326125086798,0.5124673874913203,0.5124673874913203,0,False Positive (False Alarm),Low,50-70%,0.2214636695182882,0.0891029466604761,0.3683489726014963,0.3641109666372462,0.7452126589242066,1.126623538120301,0.5398352958143723,-0.4925441272880266,0.1513642520498824,0.8109605210627754,-0.5855951367535931,0.4527348303676972,-1.5402036112575823,0.1520467822298127,-1.6602387078268666,0.9721964247497888,0.8955474090234747,1.2751530246403455,-0.6465354714427207,-0.7747216901208325,0.7812042865762764,-0.1990273314533449,0.2904906383926432,-0.1202541926052386,-2.096581806406571,-0.1489254552053903,-0.5736469738593579,0.9319943710323484,0.6574230259498377,-0.5268085111069899,0.66027784832523,-0.7336097762959105,-1.1873313411730195,-0.9618959248211802,-0.0659195507501154,1.359616235976865,0.9639492027544424,0.6574230259498377,-0.5268085111069899,0.66027784832523,-0.1744733401838508,0.5973905919868062
45665,0,1,0.49185733037281837,0.5081426696271815,0.5081426696271815,0,False Positive (False Alarm),Low,50-70%,0.747020999137351,-0.2852728587499939,0.2490024691711424,0.4756850707542367,0.7542871894076107,0.7818702231485253,0.5521195202951448,-0.1421202032572834,0.6377209888682148,0.6546837573661272,-0.3304424906222236,0.0129870624024317,1.214895468634759,0.5869754719299283,-1.964772002586812,1.2392808146322185,0.8143254196770838,1.137970439464122,-1.228186162141604,-0.472417669024527,-0.3940900611208903,-1.649354866373696,0.2505137748667238,-3.3942673040895825,-0.3619882504087103,-0.7936412845162513,-0.1193590234956295,-0.1776496339049091,0.6884526298161072,-0.5127793428099806,0.6939428928766858,-0.7161004801068819,-0.962398136410778,-0.8632400477891211,-1.698749769650402,1.359616235976865,0.2158418753886218,0.6884526298161072,-0.5127793428099806,0.6939428928766858,0.1802420377943297,0.5936156632566623
13869,0,1,0.49314209477726506,0.5068579052227351,0.5068579052227351,0,False Positive (False Alarm),Low,50-70%,0.3215348115579013,-0.2448761802789799,0.7020862399369451,-0.4669663173198826,0.4923215380135829,0.0308128582373463,0.6710670132134064,-0.2030529868426854,0.4999310204186704,0.463116732816139,-0.5542940631614011,0.490296509096411,-1.2214235564512694,0.3854689218057692,1.5082105549425564,0.6652339488905475,0.8037595200011824,0.6772771612056997,-1.1350649956785497,-0.3259556406029963,-0.0593563044442559,0.1947326058890691,-0.2360623469024491,0.4813326378430234,-0.0486623520193468,-0.9182943277839876,-0.4643373173866591,-0.5558637970021175,0.5823700943879502,-0.6357482585620928,0.5802326834876614,-0.7280068015154214,-1.1063271564190542,-0.9264667022678592,-0.3924855945301727,-0.7355016610856474,-1.0011922118934489,0.5823700943879502,-0.6357482585620928,0.5802326834876614,-0.9883500891552928,0.6139645718892814
